Geography_cluster,Mutation1,Mutation2,Co-occurrence Count,Count M1,Count M2,P value,Significant,N,Region,Districs in 'Geography_cluster'
1,Pfcrt_A220S,Pfk13_R622I,24,104,32,0.0034,Yes,116,"Amhara, Benishangul-Gumuz, Tigray","Dera,  Guba,  K. Humera,  Metema, Pawe, Gondar,  Tanqua Abergelle"
1,Pfcrt_K76T,Pfk13_R622I,23,102,32,0.0025,Yes,116,"Amhara, Benishangul-Gumuz, Tigray","Dera,  Guba,  K. Humera,  Metema, Pawe, Gondar,  Tanqua Abergelle"
1,Pfcrt_M74I,Pfk13_R622I,23,102,32,0.0025,Yes,116,"Amhara, Benishangul-Gumuz, Tigray","Dera,  Guba,  K. Humera,  Metema, Pawe, Gondar,  Tanqua Abergelle"
1,Pfcrt_N326S,Pfk13_R622I,23,99,32,0.0179,Yes,116,"Amhara, Benishangul-Gumuz, Tigray","Dera,  Guba,  K. Humera,  Metema, Pawe, Gondar,  Tanqua Abergelle"
1,Pfcrt_N75E,Pfk13_R622I,23,102,32,0.0025,Yes,116,"Amhara, Benishangul-Gumuz, Tigray","Dera,  Guba,  K. Humera,  Metema, Pawe, Gondar,  Tanqua Abergelle"
1,Pfcrt_Q271E,Pfk13_R622I,23,102,32,0.0025,Yes,116,"Amhara, Benishangul-Gumuz, Tigray","Dera,  Guba,  K. Humera,  Metema, Pawe, Gondar,  Tanqua Abergelle"
1,Pfcrt_R371I,Pfk13_R622I,23,101,32,0.005,Yes,116,"Amhara, Benishangul-Gumuz, Tigray","Dera,  Guba,  K. Humera,  Metema, Pawe, Gondar,  Tanqua Abergelle"
3,Pfcrt_A220S,Pfk13_P441L,4,149,4,1,No,151,"Afar, Oromia","Amibara, Batu/Zeway, Fedis, Fentale"
3,Pfcrt_A220S,Pfk13_R622I,1,149,2,0.0264,Yes,151,"Afar, Oromia","Amibara, Batu/Zeway, Fedis, Fentale"
3,Pfcrt_K76T,Pfk13_P441L,4,149,4,1,No,151,"Afar, Oromia","Amibara, Batu/Zeway, Fedis, Fentale"
3,Pfcrt_K76T,Pfk13_R622I,2,149,2,1,No,151,"Afar, Oromia","Amibara, Batu/Zeway, Fedis, Fentale"
3,Pfcrt_M74I,Pfk13_P441L,4,145,4,1,No,151,"Afar, Oromia","Amibara, Batu/Zeway, Fedis, Fentale"
3,Pfcrt_M74I,Pfk13_R622I,2,145,2,1,No,151,"Afar, Oromia","Amibara, Batu/Zeway, Fedis, Fentale"
3,Pfcrt_N326S,Pfk13_P441L,4,144,4,1,No,151,"Afar, Oromia","Amibara, Batu/Zeway, Fedis, Fentale"
3,Pfcrt_N326S,Pfk13_R622I,1,144,2,0.0909,Yes,151,"Afar, Oromia","Amibara, Batu/Zeway, Fedis, Fentale"
3,Pfcrt_N75E,Pfk13_P441L,4,146,4,1,No,151,"Afar, Oromia","Amibara, Batu/Zeway, Fedis, Fentale"
3,Pfcrt_N75E,Pfk13_R622I,2,146,2,1,No,151,"Afar, Oromia","Amibara, Batu/Zeway, Fedis, Fentale"
3,Pfcrt_Q271E,Pfk13_P441L,4,148,4,1,No,151,"Afar, Oromia","Amibara, Batu/Zeway, Fedis, Fentale"
3,Pfcrt_Q271E,Pfk13_R622I,2,148,2,1,No,151,"Afar, Oromia","Amibara, Batu/Zeway, Fedis, Fentale"
3,Pfcrt_R371I,Pfk13_P441L,4,146,4,1,No,151,"Afar, Oromia","Amibara, Batu/Zeway, Fedis, Fentale"
3,Pfcrt_R371I,Pfk13_R622I,2,146,2,1,No,151,"Afar, Oromia","Amibara, Batu/Zeway, Fedis, Fentale"
1,Pfcrt_A220S,Pfmdr1_Y184F,90,104,186,0.0031,Yes,202,"Amhara, Benishangul-Gumuz, Tigray","Dera,  Guba,  K. Humera,  Metema, Pawe, Gondar,  Tanqua Abergelle"
1,Pfcrt_K76T,Pfmdr1_Y184F,89,102,186,0.0166,Yes,202,"Amhara, Benishangul-Gumuz, Tigray","Dera,  Guba,  K. Humera,  Metema, Pawe, Gondar,  Tanqua Abergelle"
1,Pfcrt_M74I,Pfmdr1_Y184F,89,102,186,0.0166,Yes,202,"Amhara, Benishangul-Gumuz, Tigray","Dera,  Guba,  K. Humera,  Metema, Pawe, Gondar,  Tanqua Abergelle"
1,Pfcrt_N326S,Pfmdr1_Y184F,88,99,186,0.1215,No,202,"Amhara, Benishangul-Gumuz, Tigray","Dera,  Guba,  K. Humera,  Metema, Pawe, Gondar,  Tanqua Abergelle"
1,Pfcrt_N75E,Pfmdr1_Y184F,89,102,186,0.0166,Yes,202,"Amhara, Benishangul-Gumuz, Tigray","Dera,  Guba,  K. Humera,  Metema, Pawe, Gondar,  Tanqua Abergelle"
1,Pfcrt_Q271E,Pfmdr1_Y184F,87,102,186,0.0003,Yes,202,"Amhara, Benishangul-Gumuz, Tigray","Dera,  Guba,  K. Humera,  Metema, Pawe, Gondar,  Tanqua Abergelle"
1,Pfcrt_R371I,Pfmdr1_Y184F,88,101,186,0.0165,Yes,202,"Amhara, Benishangul-Gumuz, Tigray","Dera,  Guba,  K. Humera,  Metema, Pawe, Gondar,  Tanqua Abergelle"
2,Pfcrt_A220S,Pfmdr1_N86Y,2,53,2,0.1479,No,137,"SNNPR, SWEPRS, Gambella","Dasenech, Mizan, Salamago, Gambella zuria"
2,Pfcrt_A220S,Pfmdr1_Y184F,48,53,131,0.0321,Yes,137,"SNNPR, SWEPRS, Gambella","Dasenech, Mizan, Salamago, Gambella zuria"
2,Pfcrt_I356T,Pfmdr1_N86Y,2,5,2,0.0011,Yes,137,"SNNPR, SWEPRS, Gambella","Dasenech, Mizan, Salamago, Gambella zuria"
2,Pfcrt_I356T,Pfmdr1_Y184F,2,5,131,0.0005,Yes,137,"SNNPR, SWEPRS, Gambella","Dasenech, Mizan, Salamago, Gambella zuria"
2,Pfcrt_K76T,Pfmdr1_N86Y,2,54,2,0.1536,No,137,"SNNPR, SWEPRS, Gambella","Dasenech, Mizan, Salamago, Gambella zuria"
2,Pfcrt_K76T,Pfmdr1_Y184F,49,54,131,0.0351,Yes,137,"SNNPR, SWEPRS, Gambella","Dasenech, Mizan, Salamago, Gambella zuria"
2,Pfcrt_M74I,Pfmdr1_N86Y,2,54,2,0.1536,No,137,"SNNPR, SWEPRS, Gambella","Dasenech, Mizan, Salamago, Gambella zuria"
2,Pfcrt_M74I,Pfmdr1_Y184F,49,54,131,0.0351,Yes,137,"SNNPR, SWEPRS, Gambella","Dasenech, Mizan, Salamago, Gambella zuria"
2,Pfcrt_N326S,Pfmdr1_N86Y,0,43,2,1,No,137,"SNNPR, SWEPRS, Gambella","Dasenech, Mizan, Salamago, Gambella zuria"
2,Pfcrt_N326S,Pfmdr1_Y184F,42,43,131,0.6649,No,137,"SNNPR, SWEPRS, Gambella","Dasenech, Mizan, Salamago, Gambella zuria"
2,Pfcrt_N75E,Pfmdr1_N86Y,2,54,2,0.1536,No,137,"SNNPR, SWEPRS, Gambella","Dasenech, Mizan, Salamago, Gambella zuria"
2,Pfcrt_N75E,Pfmdr1_Y184F,49,54,131,0.0351,Yes,137,"SNNPR, SWEPRS, Gambella","Dasenech, Mizan, Salamago, Gambella zuria"
2,Pfcrt_Q271E,Pfmdr1_N86Y,2,55,2,0.1594,No,137,"SNNPR, SWEPRS, Gambella","Dasenech, Mizan, Salamago, Gambella zuria"
2,Pfcrt_Q271E,Pfmdr1_Y184F,49,55,131,0.0035,Yes,137,"SNNPR, SWEPRS, Gambella","Dasenech, Mizan, Salamago, Gambella zuria"
2,Pfcrt_R371I,Pfmdr1_N86Y,2,56,2,0.1653,No,137,"SNNPR, SWEPRS, Gambella","Dasenech, Mizan, Salamago, Gambella zuria"
2,Pfcrt_R371I,Pfmdr1_Y184F,50,56,131,0.004,Yes,137,"SNNPR, SWEPRS, Gambella","Dasenech, Mizan, Salamago, Gambella zuria"
2,Pfmdr1_N86Y,Pfmdr1_Y184F,2,2,131,1,No,137,"SNNPR, SWEPRS, Gambella","Dasenech, Mizan, Salamago, Gambella zuria"
3,Pfcrt_A220S,Pfmdr1_N86Y,6,149,6,1,No,158,"Afar, Oromia","Amibara, Batu/Zeway, Fedis, Fentale"
3,Pfcrt_A220S,Pfmdr1_Y184F,131,149,139,1,No,158,"Afar, Oromia","Amibara, Batu/Zeway, Fedis, Fentale"
3,Pfcrt_K76T,Pfmdr1_N86Y,6,149,6,1,No,158,"Afar, Oromia","Amibara, Batu/Zeway, Fedis, Fentale"
3,Pfcrt_K76T,Pfmdr1_Y184F,130,149,139,0.6011,No,158,"Afar, Oromia","Amibara, Batu/Zeway, Fedis, Fentale"
3,Pfcrt_M74I,Pfmdr1_N86Y,6,145,6,1,No,158,"Afar, Oromia","Amibara, Batu/Zeway, Fedis, Fentale"
3,Pfcrt_M74I,Pfmdr1_Y184F,128,145,139,0.6576,No,158,"Afar, Oromia","Amibara, Batu/Zeway, Fedis, Fentale"
3,Pfcrt_N326S,Pfmdr1_N86Y,6,144,6,1,No,158,"Afar, Oromia","Amibara, Batu/Zeway, Fedis, Fentale"
3,Pfcrt_N326S,Pfmdr1_Y184F,127,144,139,0.6771,No,158,"Afar, Oromia","Amibara, Batu/Zeway, Fedis, Fentale"
3,Pfcrt_N75E,Pfmdr1_N86Y,6,146,6,1,No,158,"Afar, Oromia","Amibara, Batu/Zeway, Fedis, Fentale"
3,Pfcrt_N75E,Pfmdr1_Y184F,129,146,139,0.6395,No,158,"Afar, Oromia","Amibara, Batu/Zeway, Fedis, Fentale"
3,Pfcrt_Q271E,Pfmdr1_N86Y,6,148,6,1,No,158,"Afar, Oromia","Amibara, Batu/Zeway, Fedis, Fentale"
3,Pfcrt_Q271E,Pfmdr1_Y184F,130,148,139,1,No,158,"Afar, Oromia","Amibara, Batu/Zeway, Fedis, Fentale"
3,Pfcrt_R371I,Pfmdr1_N86Y,6,146,6,1,No,158,"Afar, Oromia","Amibara, Batu/Zeway, Fedis, Fentale"
3,Pfcrt_R371I,Pfmdr1_Y184F,129,146,139,0.6395,No,158,"Afar, Oromia","Amibara, Batu/Zeway, Fedis, Fentale"
3,Pfmdr1_N86Y,Pfmdr1_Y184F,0,6,139,0.0001,Yes,158,"Afar, Oromia","Amibara, Batu/Zeway, Fedis, Fentale"
1,Pfk13_R622I,Pfmdr1_Y184F,26,32,186,0.0001,Yes,192,"Amhara, Benishangul-Gumuz, Tigray","Dera,  Guba,  K. Humera,  Metema, Pawe, Gondar,  Tanqua Abergelle"
2,Pfk13_A675V,Pfmdr1_N86Y,0,6,2,1,No,131,"SNNPR, SWEPRS, Gambella","Dasenech, Mizan, Salamago, Gambella zuria"
3,Pfk13_P441L,Pfmdr1_N86Y,0,4,6,1,No,146,"Afar, Oromia","Amibara, Batu/Zeway, Fedis, Fentale"
3,Pfk13_P441L,Pfmdr1_Y184F,4,4,139,1,No,146,"Afar, Oromia","Amibara, Batu/Zeway, Fedis, Fentale"
3,Pfk13_R622I,Pfmdr1_N86Y,0,2,6,1,No,146,"Afar, Oromia","Amibara, Batu/Zeway, Fedis, Fentale"
3,Pfk13_R622I,Pfmdr1_Y184F,1,2,139,0.0939,Yes,146,"Afar, Oromia","Amibara, Batu/Zeway, Fedis, Fentale"
3,Pfmdr1_N86Y,Pfmdr1_Y184F,0,6,139,0.0001,Yes,146,"Afar, Oromia","Amibara, Batu/Zeway, Fedis, Fentale"
