API_strata,Mutation1,Mutation2,Co-occurrence Count,Count M1,Count M2,P value,Significant,N,Districts in Stratum
High Transmission (>=50),Pfcrt_A220S,Pfk13_R622I,7,22,10,1,No,31,"Gambella zuria, Guba, Metema, Salamago"
High Transmission (>=50),Pfcrt_K76T,Pfk13_R622I,7,22,10,1,No,31,"Gambella zuria, Guba, Metema, Salamago"
High Transmission (>=50),Pfcrt_M74I,Pfk13_R622I,7,22,10,1,No,31,"Gambella zuria, Guba, Metema, Salamago"
High Transmission (>=50),Pfcrt_N326S,Pfk13_R622I,7,18,10,0.4521,No,31,"Gambella zuria, Guba, Metema, Salamago"
High Transmission (>=50),Pfcrt_N75E,Pfk13_R622I,7,22,10,1,No,31,"Gambella zuria, Guba, Metema, Salamago"
High Transmission (>=50),Pfcrt_Q271E,Pfk13_R622I,7,22,10,1,No,31,"Gambella zuria, Guba, Metema, Salamago"
High Transmission (>=50),Pfcrt_R371I,Pfk13_R622I,7,22,10,1,No,31,"Gambella zuria, Guba, Metema, Salamago"
Low Transmission (0-10),Pfcrt_A220S,Pfk13_P441L,4,134,4,1,No,137,"Batu/Zeway, Fedis, Fentale, Tanqua Abergelle"
Low Transmission (0-10),Pfcrt_A220S,Pfk13_R622I,3,134,5,0.0032,Yes,137,"Batu/Zeway, Fedis, Fentale, Tanqua Abergelle"
Low Transmission (0-10),Pfcrt_K76T,Pfk13_P441L,4,134,4,1,No,137,"Batu/Zeway, Fedis, Fentale, Tanqua Abergelle"
Low Transmission (0-10),Pfcrt_K76T,Pfk13_R622I,4,134,5,0.1063,Yes,137,"Batu/Zeway, Fedis, Fentale, Tanqua Abergelle"
Low Transmission (0-10),Pfcrt_M74I,Pfk13_P441L,4,131,4,1,No,137,"Batu/Zeway, Fedis, Fentale, Tanqua Abergelle"
Low Transmission (0-10),Pfcrt_M74I,Pfk13_R622I,4,131,5,0.2033,No,137,"Batu/Zeway, Fedis, Fentale, Tanqua Abergelle"
Low Transmission (0-10),Pfcrt_N326S,Pfk13_P441L,4,129,4,1,No,137,"Batu/Zeway, Fedis, Fentale, Tanqua Abergelle"
Low Transmission (0-10),Pfcrt_N326S,Pfk13_R622I,3,129,5,0.0275,Yes,137,"Batu/Zeway, Fedis, Fentale, Tanqua Abergelle"
Low Transmission (0-10),Pfcrt_N75E,Pfk13_P441L,4,132,4,1,No,137,"Batu/Zeway, Fedis, Fentale, Tanqua Abergelle"
Low Transmission (0-10),Pfcrt_N75E,Pfk13_R622I,4,132,5,0.172,Yes,137,"Batu/Zeway, Fedis, Fentale, Tanqua Abergelle"
Low Transmission (0-10),Pfcrt_Q271E,Pfk13_P441L,4,133,4,1,No,137,"Batu/Zeway, Fedis, Fentale, Tanqua Abergelle"
Low Transmission (0-10),Pfcrt_Q271E,Pfk13_R622I,4,133,5,0.1396,Yes,137,"Batu/Zeway, Fedis, Fentale, Tanqua Abergelle"
Low Transmission (0-10),Pfcrt_R371I,Pfk13_P441L,4,132,4,1,No,137,"Batu/Zeway, Fedis, Fentale, Tanqua Abergelle"
Low Transmission (0-10),Pfcrt_R371I,Pfk13_R622I,4,132,5,0.172,Yes,137,"Batu/Zeway, Fedis, Fentale, Tanqua Abergelle"
Moderate Transmission (10-50),Pfcrt_A220S,Pfk13_R622I,15,150,19,0.0271,Yes,161,"Amibara, Dasenech, Dera, Gondar, K. Humera, Mizan, Pawe"
Moderate Transmission (10-50),Pfcrt_K76T,Pfk13_R622I,14,149,19,0.0063,Yes,161,"Amibara, Dasenech, Dera, Gondar, K. Humera, Mizan, Pawe"
Moderate Transmission (10-50),Pfcrt_M74I,Pfk13_R622I,14,148,19,0.0094,Yes,161,"Amibara, Dasenech, Dera, Gondar, K. Humera, Mizan, Pawe"
Moderate Transmission (10-50),Pfcrt_N326S,Pfk13_R622I,14,139,19,0.1446,No,161,"Amibara, Dasenech, Dera, Gondar, K. Humera, Mizan, Pawe"
Moderate Transmission (10-50),Pfcrt_N75E,Pfk13_R622I,14,148,19,0.0094,Yes,161,"Amibara, Dasenech, Dera, Gondar, K. Humera, Mizan, Pawe"
Moderate Transmission (10-50),Pfcrt_Q271E,Pfk13_R622I,14,150,19,0.004,Yes,161,"Amibara, Dasenech, Dera, Gondar, K. Humera, Mizan, Pawe"
Moderate Transmission (10-50),Pfcrt_R371I,Pfk13_R622I,14,149,19,0.0063,Yes,161,"Amibara, Dasenech, Dera, Gondar, K. Humera, Mizan, Pawe"
High Transmission (>=50),Pfcrt_A220S,Pfmdr1_Y184F,16,22,121,0.0001,Yes,127,"Gambella zuria, Guba, Metema, Salamago"
High Transmission (>=50),Pfcrt_K76T,Pfmdr1_Y184F,16,22,121,0.0001,Yes,127,"Gambella zuria, Guba, Metema, Salamago"
High Transmission (>=50),Pfcrt_M74I,Pfmdr1_Y184F,16,22,121,0.0001,Yes,127,"Gambella zuria, Guba, Metema, Salamago"
High Transmission (>=50),Pfcrt_N326S,Pfmdr1_Y184F,13,18,121,0.0002,Yes,127,"Gambella zuria, Guba, Metema, Salamago"
High Transmission (>=50),Pfcrt_N75E,Pfmdr1_Y184F,16,22,121,0.0001,Yes,127,"Gambella zuria, Guba, Metema, Salamago"
High Transmission (>=50),Pfcrt_Q271E,Pfmdr1_Y184F,16,22,121,0.0001,Yes,127,"Gambella zuria, Guba, Metema, Salamago"
High Transmission (>=50),Pfcrt_R371I,Pfmdr1_Y184F,16,22,121,0.0001,Yes,127,"Gambella zuria, Guba, Metema, Salamago"
Low Transmission (0-10),Pfcrt_A220S,Pfmdr1_Y184F,124,134,134,0.5937,No,145,"Batu/Zeway, Fedis, Fentale, Tanqua Abergelle"
Low Transmission (0-10),Pfcrt_K76T,Pfmdr1_Y184F,123,134,134,1,No,145,"Batu/Zeway, Fedis, Fentale, Tanqua Abergelle"
Low Transmission (0-10),Pfcrt_M74I,Pfmdr1_Y184F,122,131,134,0.2873,No,145,"Batu/Zeway, Fedis, Fentale, Tanqua Abergelle"
Low Transmission (0-10),Pfcrt_N326S,Pfmdr1_Y184F,120,129,134,0.3481,No,145,"Batu/Zeway, Fedis, Fentale, Tanqua Abergelle"
Low Transmission (0-10),Pfcrt_N75E,Pfmdr1_Y184F,123,132,134,0.2569,No,145,"Batu/Zeway, Fedis, Fentale, Tanqua Abergelle"
Low Transmission (0-10),Pfcrt_Q271E,Pfmdr1_Y184F,123,133,134,1,No,145,"Batu/Zeway, Fedis, Fentale, Tanqua Abergelle"
Low Transmission (0-10),Pfcrt_R371I,Pfmdr1_Y184F,123,132,134,0.2569,No,145,"Batu/Zeway, Fedis, Fentale, Tanqua Abergelle"
Moderate Transmission (10-50),Pfcrt_A220S,Pfmdr1_N86Y,8,150,8,0.0545,Yes,225,"Amibara, Dasenech, Dera, Gondar, K. Humera, Mizan, Pawe"
Moderate Transmission (10-50),Pfcrt_A220S,Pfmdr1_Y184F,129,150,201,0.0222,Yes,225,"Amibara, Dasenech, Dera, Gondar, K. Humera, Mizan, Pawe"
Moderate Transmission (10-50),Pfcrt_I356T,Pfmdr1_N86Y,2,5,8,0.0105,Yes,225,"Amibara, Dasenech, Dera, Gondar, K. Humera, Mizan, Pawe"
Moderate Transmission (10-50),Pfcrt_I356T,Pfmdr1_Y184F,2,5,201,0.0093,Yes,225,"Amibara, Dasenech, Dera, Gondar, K. Humera, Mizan, Pawe"
Moderate Transmission (10-50),Pfcrt_K76T,Pfmdr1_N86Y,8,149,8,0.0538,Yes,225,"Amibara, Dasenech, Dera, Gondar, K. Humera, Mizan, Pawe"
Moderate Transmission (10-50),Pfcrt_K76T,Pfmdr1_Y184F,129,149,201,0.0696,No,225,"Amibara, Dasenech, Dera, Gondar, K. Humera, Mizan, Pawe"
Moderate Transmission (10-50),Pfcrt_M74I,Pfmdr1_N86Y,8,148,8,0.0534,Yes,225,"Amibara, Dasenech, Dera, Gondar, K. Humera, Mizan, Pawe"
Moderate Transmission (10-50),Pfcrt_M74I,Pfmdr1_Y184F,128,148,201,0.0685,No,225,"Amibara, Dasenech, Dera, Gondar, K. Humera, Mizan, Pawe"
Moderate Transmission (10-50),Pfcrt_N326S,Pfmdr1_N86Y,6,139,8,0.7135,No,225,"Amibara, Dasenech, Dera, Gondar, K. Humera, Mizan, Pawe"
Moderate Transmission (10-50),Pfcrt_N326S,Pfmdr1_Y184F,124,139,201,1,No,225,"Amibara, Dasenech, Dera, Gondar, K. Humera, Mizan, Pawe"
Moderate Transmission (10-50),Pfcrt_N75E,Pfmdr1_N86Y,8,148,8,0.0534,Yes,225,"Amibara, Dasenech, Dera, Gondar, K. Humera, Mizan, Pawe"
Moderate Transmission (10-50),Pfcrt_N75E,Pfmdr1_Y184F,128,148,201,0.0685,No,225,"Amibara, Dasenech, Dera, Gondar, K. Humera, Mizan, Pawe"
Moderate Transmission (10-50),Pfcrt_Q271E,Pfmdr1_N86Y,8,150,8,0.0545,Yes,225,"Amibara, Dasenech, Dera, Gondar, K. Humera, Mizan, Pawe"
Moderate Transmission (10-50),Pfcrt_Q271E,Pfmdr1_Y184F,127,150,201,0.0009,Yes,225,"Amibara, Dasenech, Dera, Gondar, K. Humera, Mizan, Pawe"
Moderate Transmission (10-50),Pfcrt_R371I,Pfmdr1_N86Y,8,149,8,0.0538,Yes,225,"Amibara, Dasenech, Dera, Gondar, K. Humera, Mizan, Pawe"
Moderate Transmission (10-50),Pfcrt_R371I,Pfmdr1_Y184F,128,149,201,0.0216,Yes,225,"Amibara, Dasenech, Dera, Gondar, K. Humera, Mizan, Pawe"
High Transmission (>=50),Pfk13_A675V,Pfmdr1_Y184F,6,6,121,1,No,125,"Gambella zuria, Guba, Metema, Salamago"
High Transmission (>=50),Pfk13_R622I,Pfmdr1_Y184F,6,10,121,0.0001,Yes,125,"Gambella zuria, Guba, Metema, Salamago"
Low Transmission (0-10),Pfk13_P441L,Pfmdr1_Y184F,4,4,134,1,No,135,"Batu/Zeway, Fedis, Fentale, Tanqua Abergelle"
Low Transmission (0-10),Pfk13_R622I,Pfmdr1_Y184F,4,5,134,0.037,Yes,135,"Batu/Zeway, Fedis, Fentale, Tanqua Abergelle"
Moderate Transmission (10-50),Pfk13_R622I,Pfmdr1_Y184F,17,19,201,0.1577,No,209,"Amibara, Dasenech, Dera, Gondar, K. Humera, Mizan, Pawe"
