PfcrtMut_Prev_Stratification,Mutation1,Mutation2,Co-occurrence Count,Count M1,Count M2,P value,Significant,N,Districts within Strata,District Overall Pfcrt Mutation Prevalence (%),Districts with Pfcrt 'Mutation Prevalence Breakdown'
Low,Pfcrt_N326S,Pfk13_R622I,3,3,3,2.00E-05,Yes,117,"Gambella zuria, Guba, Pawe, Salamago",Gambella zuria: 2.86%; Guba: 7.41%; Pawe: 8.00%; Salamago: 6.67%,"Gambella zuria: {K76T: 2.9%, M74I: 2.9%, N75E: 2.9%, A220S: 2.9%, Q271E: 2.9%, R371I: 2.9%}; Guba: {K76T: 7.4%, M74I: 7.4%, N326S: 3.7%, N75E: 7.4%, A220S: 7.4%, Q271E: 7.4%, R371I: 7.4%}; Pawe: {K76T: 8.0%, M74I: 8.0%, N326S: 8.0%, N75E: 8.0%, A220S: 8.0%, Q271E: 8.0%, R371I: 8.0%}; Salamago: {K76T: 6.7%, M74I: 6.7%, N75E: 6.7%, A220S: 6.7%, Q271E: 6.7%, R371I: 6.7%}"
Low,Pfcrt_K76T,Pfk13_R622I,3,7,3,0.00013,Yes,117,"Gambella zuria, Guba, Pawe, Salamago",Gambella zuria: 2.86%; Guba: 7.41%; Pawe: 8.00%; Salamago: 6.67%,"Gambella zuria: {K76T: 2.9%, M74I: 2.9%, N75E: 2.9%, A220S: 2.9%, Q271E: 2.9%, R371I: 2.9%}; Guba: {K76T: 7.4%, M74I: 7.4%, N326S: 3.7%, N75E: 7.4%, A220S: 7.4%, Q271E: 7.4%, R371I: 7.4%}; Pawe: {K76T: 8.0%, M74I: 8.0%, N326S: 8.0%, N75E: 8.0%, A220S: 8.0%, Q271E: 8.0%, R371I: 8.0%}; Salamago: {K76T: 6.7%, M74I: 6.7%, N75E: 6.7%, A220S: 6.7%, Q271E: 6.7%, R371I: 6.7%}"
Low,Pfcrt_M74I,Pfk13_R622I,3,7,3,0.00013,Yes,117,"Gambella zuria, Guba, Pawe, Salamago",Gambella zuria: 2.86%; Guba: 7.41%; Pawe: 8.00%; Salamago: 6.67%,"Gambella zuria: {K76T: 2.9%, M74I: 2.9%, N75E: 2.9%, A220S: 2.9%, Q271E: 2.9%, R371I: 2.9%}; Guba: {K76T: 7.4%, M74I: 7.4%, N326S: 3.7%, N75E: 7.4%, A220S: 7.4%, Q271E: 7.4%, R371I: 7.4%}; Pawe: {K76T: 8.0%, M74I: 8.0%, N326S: 8.0%, N75E: 8.0%, A220S: 8.0%, Q271E: 8.0%, R371I: 8.0%}; Salamago: {K76T: 6.7%, M74I: 6.7%, N75E: 6.7%, A220S: 6.7%, Q271E: 6.7%, R371I: 6.7%}"
Low,Pfcrt_N75E,Pfk13_R622I,3,7,3,0.00013,Yes,117,"Gambella zuria, Guba, Pawe, Salamago",Gambella zuria: 2.86%; Guba: 7.41%; Pawe: 8.00%; Salamago: 6.67%,"Gambella zuria: {K76T: 2.9%, M74I: 2.9%, N75E: 2.9%, A220S: 2.9%, Q271E: 2.9%, R371I: 2.9%}; Guba: {K76T: 7.4%, M74I: 7.4%, N326S: 3.7%, N75E: 7.4%, A220S: 7.4%, Q271E: 7.4%, R371I: 7.4%}; Pawe: {K76T: 8.0%, M74I: 8.0%, N326S: 8.0%, N75E: 8.0%, A220S: 8.0%, Q271E: 8.0%, R371I: 8.0%}; Salamago: {K76T: 6.7%, M74I: 6.7%, N75E: 6.7%, A220S: 6.7%, Q271E: 6.7%, R371I: 6.7%}"
Low,Pfcrt_A220S,Pfk13_R622I,3,7,3,0.00013,Yes,117,"Gambella zuria, Guba, Pawe, Salamago",Gambella zuria: 2.86%; Guba: 7.41%; Pawe: 8.00%; Salamago: 6.67%,"Gambella zuria: {K76T: 2.9%, M74I: 2.9%, N75E: 2.9%, A220S: 2.9%, Q271E: 2.9%, R371I: 2.9%}; Guba: {K76T: 7.4%, M74I: 7.4%, N326S: 3.7%, N75E: 7.4%, A220S: 7.4%, Q271E: 7.4%, R371I: 7.4%}; Pawe: {K76T: 8.0%, M74I: 8.0%, N326S: 8.0%, N75E: 8.0%, A220S: 8.0%, Q271E: 8.0%, R371I: 8.0%}; Salamago: {K76T: 6.7%, M74I: 6.7%, N75E: 6.7%, A220S: 6.7%, Q271E: 6.7%, R371I: 6.7%}"
Low,Pfcrt_Q271E,Pfk13_R622I,3,7,3,0.00013,Yes,117,"Gambella zuria, Guba, Pawe, Salamago",Gambella zuria: 2.86%; Guba: 7.41%; Pawe: 8.00%; Salamago: 6.67%,"Gambella zuria: {K76T: 2.9%, M74I: 2.9%, N75E: 2.9%, A220S: 2.9%, Q271E: 2.9%, R371I: 2.9%}; Guba: {K76T: 7.4%, M74I: 7.4%, N326S: 3.7%, N75E: 7.4%, A220S: 7.4%, Q271E: 7.4%, R371I: 7.4%}; Pawe: {K76T: 8.0%, M74I: 8.0%, N326S: 8.0%, N75E: 8.0%, A220S: 8.0%, Q271E: 8.0%, R371I: 8.0%}; Salamago: {K76T: 6.7%, M74I: 6.7%, N75E: 6.7%, A220S: 6.7%, Q271E: 6.7%, R371I: 6.7%}"
Low,Pfcrt_R371I,Pfk13_R622I,3,7,3,0.00013,Yes,117,"Gambella zuria, Guba, Pawe, Salamago",Gambella zuria: 2.86%; Guba: 7.41%; Pawe: 8.00%; Salamago: 6.67%,"Gambella zuria: {K76T: 2.9%, M74I: 2.9%, N75E: 2.9%, A220S: 2.9%, Q271E: 2.9%, R371I: 2.9%}; Guba: {K76T: 7.4%, M74I: 7.4%, N326S: 3.7%, N75E: 7.4%, A220S: 7.4%, Q271E: 7.4%, R371I: 7.4%}; Pawe: {K76T: 8.0%, M74I: 8.0%, N326S: 8.0%, N75E: 8.0%, A220S: 8.0%, Q271E: 8.0%, R371I: 8.0%}; Salamago: {K76T: 6.7%, M74I: 6.7%, N75E: 6.7%, A220S: 6.7%, Q271E: 6.7%, R371I: 6.7%}"
Low,Pfmdr1_Y184F,Pfk13_R622I,3,116,3,1,No,117,"Gambella zuria, Guba, Pawe, Salamago",Gambella zuria: 2.86%; Guba: 7.41%; Pawe: 8.00%; Salamago: 6.67%,"Gambella zuria: {K76T: 2.9%, M74I: 2.9%, N75E: 2.9%, A220S: 2.9%, Q271E: 2.9%, R371I: 2.9%}; Guba: {K76T: 7.4%, M74I: 7.4%, N326S: 3.7%, N75E: 7.4%, A220S: 7.4%, Q271E: 7.4%, R371I: 7.4%}; Pawe: {K76T: 8.0%, M74I: 8.0%, N326S: 8.0%, N75E: 8.0%, A220S: 8.0%, Q271E: 8.0%, R371I: 8.0%}; Salamago: {K76T: 6.7%, M74I: 6.7%, N75E: 6.7%, A220S: 6.7%, Q271E: 6.7%, R371I: 6.7%}"
Low,Pfmdr1_Y184F,Pfk13_A675V,6,116,6,1,No,117,"Gambella zuria, Guba, Pawe, Salamago",Gambella zuria: 2.86%; Guba: 7.41%; Pawe: 8.00%; Salamago: 6.67%,"Gambella zuria: {K76T: 2.9%, M74I: 2.9%, N75E: 2.9%, A220S: 2.9%, Q271E: 2.9%, R371I: 2.9%}; Guba: {K76T: 7.4%, M74I: 7.4%, N326S: 3.7%, N75E: 7.4%, A220S: 7.4%, Q271E: 7.4%, R371I: 7.4%}; Pawe: {K76T: 8.0%, M74I: 8.0%, N326S: 8.0%, N75E: 8.0%, A220S: 8.0%, Q271E: 8.0%, R371I: 8.0%}; Salamago: {K76T: 6.7%, M74I: 6.7%, N75E: 6.7%, A220S: 6.7%, Q271E: 6.7%, R371I: 6.7%}"
Low,Pfcrt_K76T,Pfmdr1_Y184F,6,7,116,0.06980057,No,117,"Gambella zuria, Guba, Pawe, Salamago",Gambella zuria: 2.86%; Guba: 7.41%; Pawe: 8.00%; Salamago: 6.67%,"Gambella zuria: {K76T: 2.9%, M74I: 2.9%, N75E: 2.9%, A220S: 2.9%, Q271E: 2.9%, R371I: 2.9%}; Guba: {K76T: 7.4%, M74I: 7.4%, N326S: 3.7%, N75E: 7.4%, A220S: 7.4%, Q271E: 7.4%, R371I: 7.4%}; Pawe: {K76T: 8.0%, M74I: 8.0%, N326S: 8.0%, N75E: 8.0%, A220S: 8.0%, Q271E: 8.0%, R371I: 8.0%}; Salamago: {K76T: 6.7%, M74I: 6.7%, N75E: 6.7%, A220S: 6.7%, Q271E: 6.7%, R371I: 6.7%}"
Low,Pfcrt_M74I,Pfmdr1_Y184F,6,7,116,0.06980057,No,117,"Gambella zuria, Guba, Pawe, Salamago",Gambella zuria: 2.86%; Guba: 7.41%; Pawe: 8.00%; Salamago: 6.67%,"Gambella zuria: {K76T: 2.9%, M74I: 2.9%, N75E: 2.9%, A220S: 2.9%, Q271E: 2.9%, R371I: 2.9%}; Guba: {K76T: 7.4%, M74I: 7.4%, N326S: 3.7%, N75E: 7.4%, A220S: 7.4%, Q271E: 7.4%, R371I: 7.4%}; Pawe: {K76T: 8.0%, M74I: 8.0%, N326S: 8.0%, N75E: 8.0%, A220S: 8.0%, Q271E: 8.0%, R371I: 8.0%}; Salamago: {K76T: 6.7%, M74I: 6.7%, N75E: 6.7%, A220S: 6.7%, Q271E: 6.7%, R371I: 6.7%}"
Low,Pfcrt_N75E,Pfmdr1_Y184F,6,7,116,0.06980057,No,117,"Gambella zuria, Guba, Pawe, Salamago",Gambella zuria: 2.86%; Guba: 7.41%; Pawe: 8.00%; Salamago: 6.67%,"Gambella zuria: {K76T: 2.9%, M74I: 2.9%, N75E: 2.9%, A220S: 2.9%, Q271E: 2.9%, R371I: 2.9%}; Guba: {K76T: 7.4%, M74I: 7.4%, N326S: 3.7%, N75E: 7.4%, A220S: 7.4%, Q271E: 7.4%, R371I: 7.4%}; Pawe: {K76T: 8.0%, M74I: 8.0%, N326S: 8.0%, N75E: 8.0%, A220S: 8.0%, Q271E: 8.0%, R371I: 8.0%}; Salamago: {K76T: 6.7%, M74I: 6.7%, N75E: 6.7%, A220S: 6.7%, Q271E: 6.7%, R371I: 6.7%}"
Low,Pfcrt_A220S,Pfmdr1_Y184F,6,7,116,0.06980057,No,117,"Gambella zuria, Guba, Pawe, Salamago",Gambella zuria: 2.86%; Guba: 7.41%; Pawe: 8.00%; Salamago: 6.67%,"Gambella zuria: {K76T: 2.9%, M74I: 2.9%, N75E: 2.9%, A220S: 2.9%, Q271E: 2.9%, R371I: 2.9%}; Guba: {K76T: 7.4%, M74I: 7.4%, N326S: 3.7%, N75E: 7.4%, A220S: 7.4%, Q271E: 7.4%, R371I: 7.4%}; Pawe: {K76T: 8.0%, M74I: 8.0%, N326S: 8.0%, N75E: 8.0%, A220S: 8.0%, Q271E: 8.0%, R371I: 8.0%}; Salamago: {K76T: 6.7%, M74I: 6.7%, N75E: 6.7%, A220S: 6.7%, Q271E: 6.7%, R371I: 6.7%}"
Low,Pfcrt_R371I,Pfmdr1_Y184F,6,7,116,0.06980057,No,117,"Gambella zuria, Guba, Pawe, Salamago",Gambella zuria: 2.86%; Guba: 7.41%; Pawe: 8.00%; Salamago: 6.67%,"Gambella zuria: {K76T: 2.9%, M74I: 2.9%, N75E: 2.9%, A220S: 2.9%, Q271E: 2.9%, R371I: 2.9%}; Guba: {K76T: 7.4%, M74I: 7.4%, N326S: 3.7%, N75E: 7.4%, A220S: 7.4%, Q271E: 7.4%, R371I: 7.4%}; Pawe: {K76T: 8.0%, M74I: 8.0%, N326S: 8.0%, N75E: 8.0%, A220S: 8.0%, Q271E: 8.0%, R371I: 8.0%}; Salamago: {K76T: 6.7%, M74I: 6.7%, N75E: 6.7%, A220S: 6.7%, Q271E: 6.7%, R371I: 6.7%}"
Low,Pfcrt_Q271E,Pfmdr1_Y184F,6,7,116,0.06980057,No,117,"Gambella zuria, Guba, Pawe, Salamago",Gambella zuria: 2.86%; Guba: 7.41%; Pawe: 8.00%; Salamago: 6.67%,"Gambella zuria: {K76T: 2.9%, M74I: 2.9%, N75E: 2.9%, A220S: 2.9%, Q271E: 2.9%, R371I: 2.9%}; Guba: {K76T: 7.4%, M74I: 7.4%, N326S: 3.7%, N75E: 7.4%, A220S: 7.4%, Q271E: 7.4%, R371I: 7.4%}; Pawe: {K76T: 8.0%, M74I: 8.0%, N326S: 8.0%, N75E: 8.0%, A220S: 8.0%, Q271E: 8.0%, R371I: 8.0%}; Salamago: {K76T: 6.7%, M74I: 6.7%, N75E: 6.7%, A220S: 6.7%, Q271E: 6.7%, R371I: 6.7%}"
Low,Pfcrt_N326S,Pfmdr1_Y184F,3,3,116,1,No,117,"Gambella zuria, Guba, Pawe, Salamago",Gambella zuria: 2.86%; Guba: 7.41%; Pawe: 8.00%; Salamago: 6.67%,"Gambella zuria: {K76T: 2.9%, M74I: 2.9%, N75E: 2.9%, A220S: 2.9%, Q271E: 2.9%, R371I: 2.9%}; Guba: {K76T: 7.4%, M74I: 7.4%, N326S: 3.7%, N75E: 7.4%, A220S: 7.4%, Q271E: 7.4%, R371I: 7.4%}; Pawe: {K76T: 8.0%, M74I: 8.0%, N326S: 8.0%, N75E: 8.0%, A220S: 8.0%, Q271E: 8.0%, R371I: 8.0%}; Salamago: {K76T: 6.7%, M74I: 6.7%, N75E: 6.7%, A220S: 6.7%, Q271E: 6.7%, R371I: 6.7%}"
Moderate ,Pfcrt_N326S,Pfk13_R622I,19,119,28,1,No,197,"Dasenech, Gondar,  K. Humera, Metema, Mizan, Tanqua Abergelle",Dasenech: 78.79%; Gondar: 66.67%; K. Humera: 71.05%; Metema: 48.57%; Mizan: 69.23%; Tanqua Abergelle: 78.95%,"Dasenech: {K76T: 75.8%, M74I: 75.8%, N326S: 60.6%, N75E: 75.8%, A220S: 75.8%, Q271E: 78.8%, R371I: 78.8%, I356T: 15.2%}; Gondar: {K76T: 54.5%, M74I: 54.5%, N326S: 57.6%, N75E: 54.5%, A220S: 60.6%, Q271E: 54.5%, R371I: 57.6%}; K. Humera: {K76T: 71.1%, M74I: 71.1%, N326S: 65.8%, N75E: 71.1%, A220S: 71.1%, Q271E: 68.4%, R371I: 71.1%}; Metema: {K76T: 48.6%, M74I: 48.6%, N326S: 48.6%, N75E: 48.6%, A220S: 48.6%, Q271E: 48.6%, R371I: 48.6%}; Mizan: {K76T: 66.7%, M74I: 66.7%, N326S: 59.0%, N75E: 66.7%, A220S: 64.1%, Q271E: 66.7%, R371I: 69.2%}; Tanqua Abergelle: {K76T: 78.9%, M74I: 78.9%, N326S: 78.9%, N75E: 78.9%, A220S: 78.9%, Q271E: 78.9%, R371I: 78.9%}"
Moderate ,Pfcrt_A220S,Pfk13_R622I,20,129,28,1,No,197,"Dasenech, Gondar,  K. Humera, Metema, Mizan, Tanqua Abergelle",Dasenech: 78.79%; Gondar: 66.67%; K. Humera: 71.05%; Metema: 48.57%; Mizan: 69.23%; Tanqua Abergelle: 78.95%,"Dasenech: {K76T: 75.8%, M74I: 75.8%, N326S: 60.6%, N75E: 75.8%, A220S: 75.8%, Q271E: 78.8%, R371I: 78.8%, I356T: 15.2%}; Gondar: {K76T: 54.5%, M74I: 54.5%, N326S: 57.6%, N75E: 54.5%, A220S: 60.6%, Q271E: 54.5%, R371I: 57.6%}; K. Humera: {K76T: 71.1%, M74I: 71.1%, N326S: 65.8%, N75E: 71.1%, A220S: 71.1%, Q271E: 68.4%, R371I: 71.1%}; Metema: {K76T: 48.6%, M74I: 48.6%, N326S: 48.6%, N75E: 48.6%, A220S: 48.6%, Q271E: 48.6%, R371I: 48.6%}; Mizan: {K76T: 66.7%, M74I: 66.7%, N326S: 59.0%, N75E: 66.7%, A220S: 64.1%, Q271E: 66.7%, R371I: 69.2%}; Tanqua Abergelle: {K76T: 78.9%, M74I: 78.9%, N326S: 78.9%, N75E: 78.9%, A220S: 78.9%, Q271E: 78.9%, R371I: 78.9%}"
Moderate ,Pfcrt_M74I,Pfk13_R622I,19,128,28,1,No,197,"Dasenech, Gondar,  K. Humera, Metema, Mizan, Tanqua Abergelle",Dasenech: 78.79%; Gondar: 66.67%; K. Humera: 71.05%; Metema: 48.57%; Mizan: 69.23%; Tanqua Abergelle: 78.95%,"Dasenech: {K76T: 75.8%, M74I: 75.8%, N326S: 60.6%, N75E: 75.8%, A220S: 75.8%, Q271E: 78.8%, R371I: 78.8%, I356T: 15.2%}; Gondar: {K76T: 54.5%, M74I: 54.5%, N326S: 57.6%, N75E: 54.5%, A220S: 60.6%, Q271E: 54.5%, R371I: 57.6%}; K. Humera: {K76T: 71.1%, M74I: 71.1%, N326S: 65.8%, N75E: 71.1%, A220S: 71.1%, Q271E: 68.4%, R371I: 71.1%}; Metema: {K76T: 48.6%, M74I: 48.6%, N326S: 48.6%, N75E: 48.6%, A220S: 48.6%, Q271E: 48.6%, R371I: 48.6%}; Mizan: {K76T: 66.7%, M74I: 66.7%, N326S: 59.0%, N75E: 66.7%, A220S: 64.1%, Q271E: 66.7%, R371I: 69.2%}; Tanqua Abergelle: {K76T: 78.9%, M74I: 78.9%, N326S: 78.9%, N75E: 78.9%, A220S: 78.9%, Q271E: 78.9%, R371I: 78.9%}"
Moderate ,Pfcrt_K76T,Pfk13_R622I,19,128,28,1,No,197,"Dasenech, Gondar,  K. Humera, Metema, Mizan, Tanqua Abergelle",Dasenech: 78.79%; Gondar: 66.67%; K. Humera: 71.05%; Metema: 48.57%; Mizan: 69.23%; Tanqua Abergelle: 78.95%,"Dasenech: {K76T: 75.8%, M74I: 75.8%, N326S: 60.6%, N75E: 75.8%, A220S: 75.8%, Q271E: 78.8%, R371I: 78.8%, I356T: 15.2%}; Gondar: {K76T: 54.5%, M74I: 54.5%, N326S: 57.6%, N75E: 54.5%, A220S: 60.6%, Q271E: 54.5%, R371I: 57.6%}; K. Humera: {K76T: 71.1%, M74I: 71.1%, N326S: 65.8%, N75E: 71.1%, A220S: 71.1%, Q271E: 68.4%, R371I: 71.1%}; Metema: {K76T: 48.6%, M74I: 48.6%, N326S: 48.6%, N75E: 48.6%, A220S: 48.6%, Q271E: 48.6%, R371I: 48.6%}; Mizan: {K76T: 66.7%, M74I: 66.7%, N326S: 59.0%, N75E: 66.7%, A220S: 64.1%, Q271E: 66.7%, R371I: 69.2%}; Tanqua Abergelle: {K76T: 78.9%, M74I: 78.9%, N326S: 78.9%, N75E: 78.9%, A220S: 78.9%, Q271E: 78.9%, R371I: 78.9%}"
Moderate ,Pfcrt_N75E,Pfk13_R622I,19,128,28,1,No,197,"Dasenech, Gondar,  K. Humera, Metema, Mizan, Tanqua Abergelle",Dasenech: 78.79%; Gondar: 66.67%; K. Humera: 71.05%; Metema: 48.57%; Mizan: 69.23%; Tanqua Abergelle: 78.95%,"Dasenech: {K76T: 75.8%, M74I: 75.8%, N326S: 60.6%, N75E: 75.8%, A220S: 75.8%, Q271E: 78.8%, R371I: 78.8%, I356T: 15.2%}; Gondar: {K76T: 54.5%, M74I: 54.5%, N326S: 57.6%, N75E: 54.5%, A220S: 60.6%, Q271E: 54.5%, R371I: 57.6%}; K. Humera: {K76T: 71.1%, M74I: 71.1%, N326S: 65.8%, N75E: 71.1%, A220S: 71.1%, Q271E: 68.4%, R371I: 71.1%}; Metema: {K76T: 48.6%, M74I: 48.6%, N326S: 48.6%, N75E: 48.6%, A220S: 48.6%, Q271E: 48.6%, R371I: 48.6%}; Mizan: {K76T: 66.7%, M74I: 66.7%, N326S: 59.0%, N75E: 66.7%, A220S: 64.1%, Q271E: 66.7%, R371I: 69.2%}; Tanqua Abergelle: {K76T: 78.9%, M74I: 78.9%, N326S: 78.9%, N75E: 78.9%, A220S: 78.9%, Q271E: 78.9%, R371I: 78.9%}"
Moderate ,Pfcrt_Q271E,Pfk13_R622I,19,128,28,1,No,197,"Dasenech, Gondar,  K. Humera, Metema, Mizan, Tanqua Abergelle",Dasenech: 78.79%; Gondar: 66.67%; K. Humera: 71.05%; Metema: 48.57%; Mizan: 69.23%; Tanqua Abergelle: 78.95%,"Dasenech: {K76T: 75.8%, M74I: 75.8%, N326S: 60.6%, N75E: 75.8%, A220S: 75.8%, Q271E: 78.8%, R371I: 78.8%, I356T: 15.2%}; Gondar: {K76T: 54.5%, M74I: 54.5%, N326S: 57.6%, N75E: 54.5%, A220S: 60.6%, Q271E: 54.5%, R371I: 57.6%}; K. Humera: {K76T: 71.1%, M74I: 71.1%, N326S: 65.8%, N75E: 71.1%, A220S: 71.1%, Q271E: 68.4%, R371I: 71.1%}; Metema: {K76T: 48.6%, M74I: 48.6%, N326S: 48.6%, N75E: 48.6%, A220S: 48.6%, Q271E: 48.6%, R371I: 48.6%}; Mizan: {K76T: 66.7%, M74I: 66.7%, N326S: 59.0%, N75E: 66.7%, A220S: 64.1%, Q271E: 66.7%, R371I: 69.2%}; Tanqua Abergelle: {K76T: 78.9%, M74I: 78.9%, N326S: 78.9%, N75E: 78.9%, A220S: 78.9%, Q271E: 78.9%, R371I: 78.9%}"
Moderate ,Pfcrt_R371I,Pfk13_R622I,19,131,28,1,No,197,"Dasenech, Gondar,  K. Humera, Metema, Mizan, Tanqua Abergelle",Dasenech: 78.79%; Gondar: 66.67%; K. Humera: 71.05%; Metema: 48.57%; Mizan: 69.23%; Tanqua Abergelle: 78.95%,"Dasenech: {K76T: 75.8%, M74I: 75.8%, N326S: 60.6%, N75E: 75.8%, A220S: 75.8%, Q271E: 78.8%, R371I: 78.8%, I356T: 15.2%}; Gondar: {K76T: 54.5%, M74I: 54.5%, N326S: 57.6%, N75E: 54.5%, A220S: 60.6%, Q271E: 54.5%, R371I: 57.6%}; K. Humera: {K76T: 71.1%, M74I: 71.1%, N326S: 65.8%, N75E: 71.1%, A220S: 71.1%, Q271E: 68.4%, R371I: 71.1%}; Metema: {K76T: 48.6%, M74I: 48.6%, N326S: 48.6%, N75E: 48.6%, A220S: 48.6%, Q271E: 48.6%, R371I: 48.6%}; Mizan: {K76T: 66.7%, M74I: 66.7%, N326S: 59.0%, N75E: 66.7%, A220S: 64.1%, Q271E: 66.7%, R371I: 69.2%}; Tanqua Abergelle: {K76T: 78.9%, M74I: 78.9%, N326S: 78.9%, N75E: 78.9%, A220S: 78.9%, Q271E: 78.9%, R371I: 78.9%}"
Moderate ,Pfmdr1_Y184F,Pfk13_R622I,22,178,28,0.034614629,Yes,197,"Dasenech, Gondar,  K. Humera, Metema, Mizan, Tanqua Abergelle",Dasenech: 78.79%; Gondar: 66.67%; K. Humera: 71.05%; Metema: 48.57%; Mizan: 69.23%; Tanqua Abergelle: 78.95%,"Dasenech: {K76T: 75.8%, M74I: 75.8%, N326S: 60.6%, N75E: 75.8%, A220S: 75.8%, Q271E: 78.8%, R371I: 78.8%, I356T: 15.2%}; Gondar: {K76T: 54.5%, M74I: 54.5%, N326S: 57.6%, N75E: 54.5%, A220S: 60.6%, Q271E: 54.5%, R371I: 57.6%}; K. Humera: {K76T: 71.1%, M74I: 71.1%, N326S: 65.8%, N75E: 71.1%, A220S: 71.1%, Q271E: 68.4%, R371I: 71.1%}; Metema: {K76T: 48.6%, M74I: 48.6%, N326S: 48.6%, N75E: 48.6%, A220S: 48.6%, Q271E: 48.6%, R371I: 48.6%}; Mizan: {K76T: 66.7%, M74I: 66.7%, N326S: 59.0%, N75E: 66.7%, A220S: 64.1%, Q271E: 66.7%, R371I: 69.2%}; Tanqua Abergelle: {K76T: 78.9%, M74I: 78.9%, N326S: 78.9%, N75E: 78.9%, A220S: 78.9%, Q271E: 78.9%, R371I: 78.9%}"
Moderate ,Pfcrt_I356T,Pfmdr1_N86Y,2,5,2,0.007769605,Yes,197,"Dasenech, Gondar,  K. Humera, Metema, Mizan, Tanqua Abergelle",Dasenech: 78.79%; Gondar: 66.67%; K. Humera: 71.05%; Metema: 48.57%; Mizan: 69.23%; Tanqua Abergelle: 78.95%,"Dasenech: {K76T: 75.8%, M74I: 75.8%, N326S: 60.6%, N75E: 75.8%, A220S: 75.8%, Q271E: 78.8%, R371I: 78.8%, I356T: 15.2%}; Gondar: {K76T: 54.5%, M74I: 54.5%, N326S: 57.6%, N75E: 54.5%, A220S: 60.6%, Q271E: 54.5%, R371I: 57.6%}; K. Humera: {K76T: 71.1%, M74I: 71.1%, N326S: 65.8%, N75E: 71.1%, A220S: 71.1%, Q271E: 68.4%, R371I: 71.1%}; Metema: {K76T: 48.6%, M74I: 48.6%, N326S: 48.6%, N75E: 48.6%, A220S: 48.6%, Q271E: 48.6%, R371I: 48.6%}; Mizan: {K76T: 66.7%, M74I: 66.7%, N326S: 59.0%, N75E: 66.7%, A220S: 64.1%, Q271E: 66.7%, R371I: 69.2%}; Tanqua Abergelle: {K76T: 78.9%, M74I: 78.9%, N326S: 78.9%, N75E: 78.9%, A220S: 78.9%, Q271E: 78.9%, R371I: 78.9%}"
Moderate ,Pfcrt_I356T,Pfmdr1_Y184F,2,5,178,0.050971625,No,197,"Dasenech, Gondar,  K. Humera, Metema, Mizan, Tanqua Abergelle",Dasenech: 78.79%; Gondar: 66.67%; K. Humera: 71.05%; Metema: 48.57%; Mizan: 69.23%; Tanqua Abergelle: 78.95%,"Dasenech: {K76T: 75.8%, M74I: 75.8%, N326S: 60.6%, N75E: 75.8%, A220S: 75.8%, Q271E: 78.8%, R371I: 78.8%, I356T: 15.2%}; Gondar: {K76T: 54.5%, M74I: 54.5%, N326S: 57.6%, N75E: 54.5%, A220S: 60.6%, Q271E: 54.5%, R371I: 57.6%}; K. Humera: {K76T: 71.1%, M74I: 71.1%, N326S: 65.8%, N75E: 71.1%, A220S: 71.1%, Q271E: 68.4%, R371I: 71.1%}; Metema: {K76T: 48.6%, M74I: 48.6%, N326S: 48.6%, N75E: 48.6%, A220S: 48.6%, Q271E: 48.6%, R371I: 48.6%}; Mizan: {K76T: 66.7%, M74I: 66.7%, N326S: 59.0%, N75E: 66.7%, A220S: 64.1%, Q271E: 66.7%, R371I: 69.2%}; Tanqua Abergelle: {K76T: 78.9%, M74I: 78.9%, N326S: 78.9%, N75E: 78.9%, A220S: 78.9%, Q271E: 78.9%, R371I: 78.9%}"
Moderate ,Pfcrt_Q271E,Pfmdr1_Y184F,112,128,178,0.428583255,No,197,"Dasenech, Gondar,  K. Humera, Metema, Mizan, Tanqua Abergelle",Dasenech: 78.79%; Gondar: 66.67%; K. Humera: 71.05%; Metema: 48.57%; Mizan: 69.23%; Tanqua Abergelle: 78.95%,"Dasenech: {K76T: 75.8%, M74I: 75.8%, N326S: 60.6%, N75E: 75.8%, A220S: 75.8%, Q271E: 78.8%, R371I: 78.8%, I356T: 15.2%}; Gondar: {K76T: 54.5%, M74I: 54.5%, N326S: 57.6%, N75E: 54.5%, A220S: 60.6%, Q271E: 54.5%, R371I: 57.6%}; K. Humera: {K76T: 71.1%, M74I: 71.1%, N326S: 65.8%, N75E: 71.1%, A220S: 71.1%, Q271E: 68.4%, R371I: 71.1%}; Metema: {K76T: 48.6%, M74I: 48.6%, N326S: 48.6%, N75E: 48.6%, A220S: 48.6%, Q271E: 48.6%, R371I: 48.6%}; Mizan: {K76T: 66.7%, M74I: 66.7%, N326S: 59.0%, N75E: 66.7%, A220S: 64.1%, Q271E: 66.7%, R371I: 69.2%}; Tanqua Abergelle: {K76T: 78.9%, M74I: 78.9%, N326S: 78.9%, N75E: 78.9%, A220S: 78.9%, Q271E: 78.9%, R371I: 78.9%}"
Moderate ,Pfcrt_A220S,Pfmdr1_Y184F,113,129,178,0.428583255,No,197,"Dasenech, Gondar,  K. Humera, Metema, Mizan, Tanqua Abergelle",Dasenech: 78.79%; Gondar: 66.67%; K. Humera: 71.05%; Metema: 48.57%; Mizan: 69.23%; Tanqua Abergelle: 78.95%,"Dasenech: {K76T: 75.8%, M74I: 75.8%, N326S: 60.6%, N75E: 75.8%, A220S: 75.8%, Q271E: 78.8%, R371I: 78.8%, I356T: 15.2%}; Gondar: {K76T: 54.5%, M74I: 54.5%, N326S: 57.6%, N75E: 54.5%, A220S: 60.6%, Q271E: 54.5%, R371I: 57.6%}; K. Humera: {K76T: 71.1%, M74I: 71.1%, N326S: 65.8%, N75E: 71.1%, A220S: 71.1%, Q271E: 68.4%, R371I: 71.1%}; Metema: {K76T: 48.6%, M74I: 48.6%, N326S: 48.6%, N75E: 48.6%, A220S: 48.6%, Q271E: 48.6%, R371I: 48.6%}; Mizan: {K76T: 66.7%, M74I: 66.7%, N326S: 59.0%, N75E: 66.7%, A220S: 64.1%, Q271E: 66.7%, R371I: 69.2%}; Tanqua Abergelle: {K76T: 78.9%, M74I: 78.9%, N326S: 78.9%, N75E: 78.9%, A220S: 78.9%, Q271E: 78.9%, R371I: 78.9%}"
Moderate ,Pfcrt_R371I,Pfmdr1_Y184F,115,131,178,0.428583255,No,197,"Dasenech, Gondar,  K. Humera, Metema, Mizan, Tanqua Abergelle",Dasenech: 78.79%; Gondar: 66.67%; K. Humera: 71.05%; Metema: 48.57%; Mizan: 69.23%; Tanqua Abergelle: 78.95%,"Dasenech: {K76T: 75.8%, M74I: 75.8%, N326S: 60.6%, N75E: 75.8%, A220S: 75.8%, Q271E: 78.8%, R371I: 78.8%, I356T: 15.2%}; Gondar: {K76T: 54.5%, M74I: 54.5%, N326S: 57.6%, N75E: 54.5%, A220S: 60.6%, Q271E: 54.5%, R371I: 57.6%}; K. Humera: {K76T: 71.1%, M74I: 71.1%, N326S: 65.8%, N75E: 71.1%, A220S: 71.1%, Q271E: 68.4%, R371I: 71.1%}; Metema: {K76T: 48.6%, M74I: 48.6%, N326S: 48.6%, N75E: 48.6%, A220S: 48.6%, Q271E: 48.6%, R371I: 48.6%}; Mizan: {K76T: 66.7%, M74I: 66.7%, N326S: 59.0%, N75E: 66.7%, A220S: 64.1%, Q271E: 66.7%, R371I: 69.2%}; Tanqua Abergelle: {K76T: 78.9%, M74I: 78.9%, N326S: 78.9%, N75E: 78.9%, A220S: 78.9%, Q271E: 78.9%, R371I: 78.9%}"
Moderate ,Pfcrt_K76T,Pfmdr1_N86Y,2,128,2,0.598984944,No,197,"Dasenech, Gondar,  K. Humera, Metema, Mizan, Tanqua Abergelle",Dasenech: 78.79%; Gondar: 66.67%; K. Humera: 71.05%; Metema: 48.57%; Mizan: 69.23%; Tanqua Abergelle: 78.95%,"Dasenech: {K76T: 75.8%, M74I: 75.8%, N326S: 60.6%, N75E: 75.8%, A220S: 75.8%, Q271E: 78.8%, R371I: 78.8%, I356T: 15.2%}; Gondar: {K76T: 54.5%, M74I: 54.5%, N326S: 57.6%, N75E: 54.5%, A220S: 60.6%, Q271E: 54.5%, R371I: 57.6%}; K. Humera: {K76T: 71.1%, M74I: 71.1%, N326S: 65.8%, N75E: 71.1%, A220S: 71.1%, Q271E: 68.4%, R371I: 71.1%}; Metema: {K76T: 48.6%, M74I: 48.6%, N326S: 48.6%, N75E: 48.6%, A220S: 48.6%, Q271E: 48.6%, R371I: 48.6%}; Mizan: {K76T: 66.7%, M74I: 66.7%, N326S: 59.0%, N75E: 66.7%, A220S: 64.1%, Q271E: 66.7%, R371I: 69.2%}; Tanqua Abergelle: {K76T: 78.9%, M74I: 78.9%, N326S: 78.9%, N75E: 78.9%, A220S: 78.9%, Q271E: 78.9%, R371I: 78.9%}"
Moderate ,Pfcrt_N75E,Pfmdr1_N86Y,2,128,2,0.598984944,No,197,"Dasenech, Gondar,  K. Humera, Metema, Mizan, Tanqua Abergelle",Dasenech: 78.79%; Gondar: 66.67%; K. Humera: 71.05%; Metema: 48.57%; Mizan: 69.23%; Tanqua Abergelle: 78.95%,"Dasenech: {K76T: 75.8%, M74I: 75.8%, N326S: 60.6%, N75E: 75.8%, A220S: 75.8%, Q271E: 78.8%, R371I: 78.8%, I356T: 15.2%}; Gondar: {K76T: 54.5%, M74I: 54.5%, N326S: 57.6%, N75E: 54.5%, A220S: 60.6%, Q271E: 54.5%, R371I: 57.6%}; K. Humera: {K76T: 71.1%, M74I: 71.1%, N326S: 65.8%, N75E: 71.1%, A220S: 71.1%, Q271E: 68.4%, R371I: 71.1%}; Metema: {K76T: 48.6%, M74I: 48.6%, N326S: 48.6%, N75E: 48.6%, A220S: 48.6%, Q271E: 48.6%, R371I: 48.6%}; Mizan: {K76T: 66.7%, M74I: 66.7%, N326S: 59.0%, N75E: 66.7%, A220S: 64.1%, Q271E: 66.7%, R371I: 69.2%}; Tanqua Abergelle: {K76T: 78.9%, M74I: 78.9%, N326S: 78.9%, N75E: 78.9%, A220S: 78.9%, Q271E: 78.9%, R371I: 78.9%}"
Moderate ,Pfcrt_M74I,Pfmdr1_N86Y,2,128,2,0.598984944,No,197,"Dasenech, Gondar,  K. Humera, Metema, Mizan, Tanqua Abergelle",Dasenech: 78.79%; Gondar: 66.67%; K. Humera: 71.05%; Metema: 48.57%; Mizan: 69.23%; Tanqua Abergelle: 78.95%,"Dasenech: {K76T: 75.8%, M74I: 75.8%, N326S: 60.6%, N75E: 75.8%, A220S: 75.8%, Q271E: 78.8%, R371I: 78.8%, I356T: 15.2%}; Gondar: {K76T: 54.5%, M74I: 54.5%, N326S: 57.6%, N75E: 54.5%, A220S: 60.6%, Q271E: 54.5%, R371I: 57.6%}; K. Humera: {K76T: 71.1%, M74I: 71.1%, N326S: 65.8%, N75E: 71.1%, A220S: 71.1%, Q271E: 68.4%, R371I: 71.1%}; Metema: {K76T: 48.6%, M74I: 48.6%, N326S: 48.6%, N75E: 48.6%, A220S: 48.6%, Q271E: 48.6%, R371I: 48.6%}; Mizan: {K76T: 66.7%, M74I: 66.7%, N326S: 59.0%, N75E: 66.7%, A220S: 64.1%, Q271E: 66.7%, R371I: 69.2%}; Tanqua Abergelle: {K76T: 78.9%, M74I: 78.9%, N326S: 78.9%, N75E: 78.9%, A220S: 78.9%, Q271E: 78.9%, R371I: 78.9%}"
Moderate ,Pfcrt_Q271E,Pfmdr1_N86Y,2,128,2,0.598984944,No,197,"Dasenech, Gondar,  K. Humera, Metema, Mizan, Tanqua Abergelle",Dasenech: 78.79%; Gondar: 66.67%; K. Humera: 71.05%; Metema: 48.57%; Mizan: 69.23%; Tanqua Abergelle: 78.95%,"Dasenech: {K76T: 75.8%, M74I: 75.8%, N326S: 60.6%, N75E: 75.8%, A220S: 75.8%, Q271E: 78.8%, R371I: 78.8%, I356T: 15.2%}; Gondar: {K76T: 54.5%, M74I: 54.5%, N326S: 57.6%, N75E: 54.5%, A220S: 60.6%, Q271E: 54.5%, R371I: 57.6%}; K. Humera: {K76T: 71.1%, M74I: 71.1%, N326S: 65.8%, N75E: 71.1%, A220S: 71.1%, Q271E: 68.4%, R371I: 71.1%}; Metema: {K76T: 48.6%, M74I: 48.6%, N326S: 48.6%, N75E: 48.6%, A220S: 48.6%, Q271E: 48.6%, R371I: 48.6%}; Mizan: {K76T: 66.7%, M74I: 66.7%, N326S: 59.0%, N75E: 66.7%, A220S: 64.1%, Q271E: 66.7%, R371I: 69.2%}; Tanqua Abergelle: {K76T: 78.9%, M74I: 78.9%, N326S: 78.9%, N75E: 78.9%, A220S: 78.9%, Q271E: 78.9%, R371I: 78.9%}"
Moderate ,Pfcrt_A220S,Pfmdr1_N86Y,2,129,2,0.598984944,No,197,"Dasenech, Gondar,  K. Humera, Metema, Mizan, Tanqua Abergelle",Dasenech: 78.79%; Gondar: 66.67%; K. Humera: 71.05%; Metema: 48.57%; Mizan: 69.23%; Tanqua Abergelle: 78.95%,"Dasenech: {K76T: 75.8%, M74I: 75.8%, N326S: 60.6%, N75E: 75.8%, A220S: 75.8%, Q271E: 78.8%, R371I: 78.8%, I356T: 15.2%}; Gondar: {K76T: 54.5%, M74I: 54.5%, N326S: 57.6%, N75E: 54.5%, A220S: 60.6%, Q271E: 54.5%, R371I: 57.6%}; K. Humera: {K76T: 71.1%, M74I: 71.1%, N326S: 65.8%, N75E: 71.1%, A220S: 71.1%, Q271E: 68.4%, R371I: 71.1%}; Metema: {K76T: 48.6%, M74I: 48.6%, N326S: 48.6%, N75E: 48.6%, A220S: 48.6%, Q271E: 48.6%, R371I: 48.6%}; Mizan: {K76T: 66.7%, M74I: 66.7%, N326S: 59.0%, N75E: 66.7%, A220S: 64.1%, Q271E: 66.7%, R371I: 69.2%}; Tanqua Abergelle: {K76T: 78.9%, M74I: 78.9%, N326S: 78.9%, N75E: 78.9%, A220S: 78.9%, Q271E: 78.9%, R371I: 78.9%}"
Moderate ,Pfcrt_R371I,Pfmdr1_N86Y,2,131,2,0.598984944,No,197,"Dasenech, Gondar,  K. Humera, Metema, Mizan, Tanqua Abergelle",Dasenech: 78.79%; Gondar: 66.67%; K. Humera: 71.05%; Metema: 48.57%; Mizan: 69.23%; Tanqua Abergelle: 78.95%,"Dasenech: {K76T: 75.8%, M74I: 75.8%, N326S: 60.6%, N75E: 75.8%, A220S: 75.8%, Q271E: 78.8%, R371I: 78.8%, I356T: 15.2%}; Gondar: {K76T: 54.5%, M74I: 54.5%, N326S: 57.6%, N75E: 54.5%, A220S: 60.6%, Q271E: 54.5%, R371I: 57.6%}; K. Humera: {K76T: 71.1%, M74I: 71.1%, N326S: 65.8%, N75E: 71.1%, A220S: 71.1%, Q271E: 68.4%, R371I: 71.1%}; Metema: {K76T: 48.6%, M74I: 48.6%, N326S: 48.6%, N75E: 48.6%, A220S: 48.6%, Q271E: 48.6%, R371I: 48.6%}; Mizan: {K76T: 66.7%, M74I: 66.7%, N326S: 59.0%, N75E: 66.7%, A220S: 64.1%, Q271E: 66.7%, R371I: 69.2%}; Tanqua Abergelle: {K76T: 78.9%, M74I: 78.9%, N326S: 78.9%, N75E: 78.9%, A220S: 78.9%, Q271E: 78.9%, R371I: 78.9%}"
Moderate ,Pfcrt_M74I,Pfmdr1_Y184F,114,128,178,0.598984944,No,197,"Dasenech, Gondar,  K. Humera, Metema, Mizan, Tanqua Abergelle",Dasenech: 78.79%; Gondar: 66.67%; K. Humera: 71.05%; Metema: 48.57%; Mizan: 69.23%; Tanqua Abergelle: 78.95%,"Dasenech: {K76T: 75.8%, M74I: 75.8%, N326S: 60.6%, N75E: 75.8%, A220S: 75.8%, Q271E: 78.8%, R371I: 78.8%, I356T: 15.2%}; Gondar: {K76T: 54.5%, M74I: 54.5%, N326S: 57.6%, N75E: 54.5%, A220S: 60.6%, Q271E: 54.5%, R371I: 57.6%}; K. Humera: {K76T: 71.1%, M74I: 71.1%, N326S: 65.8%, N75E: 71.1%, A220S: 71.1%, Q271E: 68.4%, R371I: 71.1%}; Metema: {K76T: 48.6%, M74I: 48.6%, N326S: 48.6%, N75E: 48.6%, A220S: 48.6%, Q271E: 48.6%, R371I: 48.6%}; Mizan: {K76T: 66.7%, M74I: 66.7%, N326S: 59.0%, N75E: 66.7%, A220S: 64.1%, Q271E: 66.7%, R371I: 69.2%}; Tanqua Abergelle: {K76T: 78.9%, M74I: 78.9%, N326S: 78.9%, N75E: 78.9%, A220S: 78.9%, Q271E: 78.9%, R371I: 78.9%}"
Moderate ,Pfcrt_K76T,Pfmdr1_Y184F,114,128,178,0.598984944,No,197,"Dasenech, Gondar,  K. Humera, Metema, Mizan, Tanqua Abergelle",Dasenech: 78.79%; Gondar: 66.67%; K. Humera: 71.05%; Metema: 48.57%; Mizan: 69.23%; Tanqua Abergelle: 78.95%,"Dasenech: {K76T: 75.8%, M74I: 75.8%, N326S: 60.6%, N75E: 75.8%, A220S: 75.8%, Q271E: 78.8%, R371I: 78.8%, I356T: 15.2%}; Gondar: {K76T: 54.5%, M74I: 54.5%, N326S: 57.6%, N75E: 54.5%, A220S: 60.6%, Q271E: 54.5%, R371I: 57.6%}; K. Humera: {K76T: 71.1%, M74I: 71.1%, N326S: 65.8%, N75E: 71.1%, A220S: 71.1%, Q271E: 68.4%, R371I: 71.1%}; Metema: {K76T: 48.6%, M74I: 48.6%, N326S: 48.6%, N75E: 48.6%, A220S: 48.6%, Q271E: 48.6%, R371I: 48.6%}; Mizan: {K76T: 66.7%, M74I: 66.7%, N326S: 59.0%, N75E: 66.7%, A220S: 64.1%, Q271E: 66.7%, R371I: 69.2%}; Tanqua Abergelle: {K76T: 78.9%, M74I: 78.9%, N326S: 78.9%, N75E: 78.9%, A220S: 78.9%, Q271E: 78.9%, R371I: 78.9%}"
Moderate ,Pfcrt_N75E,Pfmdr1_Y184F,114,128,178,0.598984944,No,197,"Dasenech, Gondar,  K. Humera, Metema, Mizan, Tanqua Abergelle",Dasenech: 78.79%; Gondar: 66.67%; K. Humera: 71.05%; Metema: 48.57%; Mizan: 69.23%; Tanqua Abergelle: 78.95%,"Dasenech: {K76T: 75.8%, M74I: 75.8%, N326S: 60.6%, N75E: 75.8%, A220S: 75.8%, Q271E: 78.8%, R371I: 78.8%, I356T: 15.2%}; Gondar: {K76T: 54.5%, M74I: 54.5%, N326S: 57.6%, N75E: 54.5%, A220S: 60.6%, Q271E: 54.5%, R371I: 57.6%}; K. Humera: {K76T: 71.1%, M74I: 71.1%, N326S: 65.8%, N75E: 71.1%, A220S: 71.1%, Q271E: 68.4%, R371I: 71.1%}; Metema: {K76T: 48.6%, M74I: 48.6%, N326S: 48.6%, N75E: 48.6%, A220S: 48.6%, Q271E: 48.6%, R371I: 48.6%}; Mizan: {K76T: 66.7%, M74I: 66.7%, N326S: 59.0%, N75E: 66.7%, A220S: 64.1%, Q271E: 66.7%, R371I: 69.2%}; Tanqua Abergelle: {K76T: 78.9%, M74I: 78.9%, N326S: 78.9%, N75E: 78.9%, A220S: 78.9%, Q271E: 78.9%, R371I: 78.9%}"
Moderate ,Pfcrt_N326S,Pfmdr1_Y184F,109,119,178,0.62964096,No,197,"Dasenech, Gondar,  K. Humera, Metema, Mizan, Tanqua Abergelle",Dasenech: 78.79%; Gondar: 66.67%; K. Humera: 71.05%; Metema: 48.57%; Mizan: 69.23%; Tanqua Abergelle: 78.95%,"Dasenech: {K76T: 75.8%, M74I: 75.8%, N326S: 60.6%, N75E: 75.8%, A220S: 75.8%, Q271E: 78.8%, R371I: 78.8%, I356T: 15.2%}; Gondar: {K76T: 54.5%, M74I: 54.5%, N326S: 57.6%, N75E: 54.5%, A220S: 60.6%, Q271E: 54.5%, R371I: 57.6%}; K. Humera: {K76T: 71.1%, M74I: 71.1%, N326S: 65.8%, N75E: 71.1%, A220S: 71.1%, Q271E: 68.4%, R371I: 71.1%}; Metema: {K76T: 48.6%, M74I: 48.6%, N326S: 48.6%, N75E: 48.6%, A220S: 48.6%, Q271E: 48.6%, R371I: 48.6%}; Mizan: {K76T: 66.7%, M74I: 66.7%, N326S: 59.0%, N75E: 66.7%, A220S: 64.1%, Q271E: 66.7%, R371I: 69.2%}; Tanqua Abergelle: {K76T: 78.9%, M74I: 78.9%, N326S: 78.9%, N75E: 78.9%, A220S: 78.9%, Q271E: 78.9%, R371I: 78.9%}"
High,Pfcrt_A220S,Pfk13_R622I,2,170,3,1,No,185,"Amibara, Batu/Zeway, Dera, Fedis, Fentale",Amibara: 93.75%; Batu/Zeway: 95.00%; Dera: 85.19%; Fedis: 97.78%; Fentale: 95.12%,"Amibara: {K76T: 93.8%, M74I: 90.6%, N326S: 93.8%, N75E: 90.6%, A220S: 93.8%, Q271E: 93.8%, R371I: 90.6%}; Batu/Zeway: {K76T: 92.5%, M74I: 90.0%, N326S: 90.0%, N75E: 92.5%, A220S: 95.0%, Q271E: 95.0%, R371I: 92.5%}; Dera: {K76T: 77.8%, M74I: 77.8%, N326S: 74.1%, N75E: 77.8%, A220S: 77.8%, Q271E: 81.5%, R371I: 70.4%}; Fedis: {K76T: 97.8%, M74I: 97.8%, N326S: 95.6%, N75E: 97.8%, A220S: 97.8%, Q271E: 95.6%, R371I: 95.6%}; Fentale: {K76T: 92.7%, M74I: 87.8%, N326S: 85.4%, N75E: 87.8%, A220S: 90.2%, Q271E: 90.2%, R371I: 90.2%}"
High,Pfcrt_N326S,Pfk13_R622I,2,164,3,1,No,185,"Amibara, Batu/Zeway, Dera, Fedis, Fentale",Amibara: 93.75%; Batu/Zeway: 95.00%; Dera: 85.19%; Fedis: 97.78%; Fentale: 95.12%,"Amibara: {K76T: 93.8%, M74I: 90.6%, N326S: 93.8%, N75E: 90.6%, A220S: 93.8%, Q271E: 93.8%, R371I: 90.6%}; Batu/Zeway: {K76T: 92.5%, M74I: 90.0%, N326S: 90.0%, N75E: 92.5%, A220S: 95.0%, Q271E: 95.0%, R371I: 92.5%}; Dera: {K76T: 77.8%, M74I: 77.8%, N326S: 74.1%, N75E: 77.8%, A220S: 77.8%, Q271E: 81.5%, R371I: 70.4%}; Fedis: {K76T: 97.8%, M74I: 97.8%, N326S: 95.6%, N75E: 97.8%, A220S: 97.8%, Q271E: 95.6%, R371I: 95.6%}; Fentale: {K76T: 92.7%, M74I: 87.8%, N326S: 85.4%, N75E: 87.8%, A220S: 90.2%, Q271E: 90.2%, R371I: 90.2%}"
High,Pfcrt_M74I,Pfk13_R622I,3,166,3,1,No,185,"Amibara, Batu/Zeway, Dera, Fedis, Fentale",Amibara: 93.75%; Batu/Zeway: 95.00%; Dera: 85.19%; Fedis: 97.78%; Fentale: 95.12%,"Amibara: {K76T: 93.8%, M74I: 90.6%, N326S: 93.8%, N75E: 90.6%, A220S: 93.8%, Q271E: 93.8%, R371I: 90.6%}; Batu/Zeway: {K76T: 92.5%, M74I: 90.0%, N326S: 90.0%, N75E: 92.5%, A220S: 95.0%, Q271E: 95.0%, R371I: 92.5%}; Dera: {K76T: 77.8%, M74I: 77.8%, N326S: 74.1%, N75E: 77.8%, A220S: 77.8%, Q271E: 81.5%, R371I: 70.4%}; Fedis: {K76T: 97.8%, M74I: 97.8%, N326S: 95.6%, N75E: 97.8%, A220S: 97.8%, Q271E: 95.6%, R371I: 95.6%}; Fentale: {K76T: 92.7%, M74I: 87.8%, N326S: 85.4%, N75E: 87.8%, A220S: 90.2%, Q271E: 90.2%, R371I: 90.2%}"
High,Pfcrt_K76T,Pfk13_R622I,3,170,3,1,No,185,"Amibara, Batu/Zeway, Dera, Fedis, Fentale",Amibara: 93.75%; Batu/Zeway: 95.00%; Dera: 85.19%; Fedis: 97.78%; Fentale: 95.12%,"Amibara: {K76T: 93.8%, M74I: 90.6%, N326S: 93.8%, N75E: 90.6%, A220S: 93.8%, Q271E: 93.8%, R371I: 90.6%}; Batu/Zeway: {K76T: 92.5%, M74I: 90.0%, N326S: 90.0%, N75E: 92.5%, A220S: 95.0%, Q271E: 95.0%, R371I: 92.5%}; Dera: {K76T: 77.8%, M74I: 77.8%, N326S: 74.1%, N75E: 77.8%, A220S: 77.8%, Q271E: 81.5%, R371I: 70.4%}; Fedis: {K76T: 97.8%, M74I: 97.8%, N326S: 95.6%, N75E: 97.8%, A220S: 97.8%, Q271E: 95.6%, R371I: 95.6%}; Fentale: {K76T: 92.7%, M74I: 87.8%, N326S: 85.4%, N75E: 87.8%, A220S: 90.2%, Q271E: 90.2%, R371I: 90.2%}"
High,Pfcrt_M74I,Pfk13_P441L,4,166,4,1,No,185,"Amibara, Batu/Zeway, Dera, Fedis, Fentale",Amibara: 93.75%; Batu/Zeway: 95.00%; Dera: 85.19%; Fedis: 97.78%; Fentale: 95.12%,"Amibara: {K76T: 93.8%, M74I: 90.6%, N326S: 93.8%, N75E: 90.6%, A220S: 93.8%, Q271E: 93.8%, R371I: 90.6%}; Batu/Zeway: {K76T: 92.5%, M74I: 90.0%, N326S: 90.0%, N75E: 92.5%, A220S: 95.0%, Q271E: 95.0%, R371I: 92.5%}; Dera: {K76T: 77.8%, M74I: 77.8%, N326S: 74.1%, N75E: 77.8%, A220S: 77.8%, Q271E: 81.5%, R371I: 70.4%}; Fedis: {K76T: 97.8%, M74I: 97.8%, N326S: 95.6%, N75E: 97.8%, A220S: 97.8%, Q271E: 95.6%, R371I: 95.6%}; Fentale: {K76T: 92.7%, M74I: 87.8%, N326S: 85.4%, N75E: 87.8%, A220S: 90.2%, Q271E: 90.2%, R371I: 90.2%}"
High,Pfcrt_N326S,Pfk13_P441L,4,164,4,1,No,185,"Amibara, Batu/Zeway, Dera, Fedis, Fentale",Amibara: 93.75%; Batu/Zeway: 95.00%; Dera: 85.19%; Fedis: 97.78%; Fentale: 95.12%,"Amibara: {K76T: 93.8%, M74I: 90.6%, N326S: 93.8%, N75E: 90.6%, A220S: 93.8%, Q271E: 93.8%, R371I: 90.6%}; Batu/Zeway: {K76T: 92.5%, M74I: 90.0%, N326S: 90.0%, N75E: 92.5%, A220S: 95.0%, Q271E: 95.0%, R371I: 92.5%}; Dera: {K76T: 77.8%, M74I: 77.8%, N326S: 74.1%, N75E: 77.8%, A220S: 77.8%, Q271E: 81.5%, R371I: 70.4%}; Fedis: {K76T: 97.8%, M74I: 97.8%, N326S: 95.6%, N75E: 97.8%, A220S: 97.8%, Q271E: 95.6%, R371I: 95.6%}; Fentale: {K76T: 92.7%, M74I: 87.8%, N326S: 85.4%, N75E: 87.8%, A220S: 90.2%, Q271E: 90.2%, R371I: 90.2%}"
High,Pfcrt_N75E,Pfk13_R622I,3,167,3,1,No,185,"Amibara, Batu/Zeway, Dera, Fedis, Fentale",Amibara: 93.75%; Batu/Zeway: 95.00%; Dera: 85.19%; Fedis: 97.78%; Fentale: 95.12%,"Amibara: {K76T: 93.8%, M74I: 90.6%, N326S: 93.8%, N75E: 90.6%, A220S: 93.8%, Q271E: 93.8%, R371I: 90.6%}; Batu/Zeway: {K76T: 92.5%, M74I: 90.0%, N326S: 90.0%, N75E: 92.5%, A220S: 95.0%, Q271E: 95.0%, R371I: 92.5%}; Dera: {K76T: 77.8%, M74I: 77.8%, N326S: 74.1%, N75E: 77.8%, A220S: 77.8%, Q271E: 81.5%, R371I: 70.4%}; Fedis: {K76T: 97.8%, M74I: 97.8%, N326S: 95.6%, N75E: 97.8%, A220S: 97.8%, Q271E: 95.6%, R371I: 95.6%}; Fentale: {K76T: 92.7%, M74I: 87.8%, N326S: 85.4%, N75E: 87.8%, A220S: 90.2%, Q271E: 90.2%, R371I: 90.2%}"
High,Pfcrt_K76T,Pfk13_P441L,4,170,4,1,No,185,"Amibara, Batu/Zeway, Dera, Fedis, Fentale",Amibara: 93.75%; Batu/Zeway: 95.00%; Dera: 85.19%; Fedis: 97.78%; Fentale: 95.12%,"Amibara: {K76T: 93.8%, M74I: 90.6%, N326S: 93.8%, N75E: 90.6%, A220S: 93.8%, Q271E: 93.8%, R371I: 90.6%}; Batu/Zeway: {K76T: 92.5%, M74I: 90.0%, N326S: 90.0%, N75E: 92.5%, A220S: 95.0%, Q271E: 95.0%, R371I: 92.5%}; Dera: {K76T: 77.8%, M74I: 77.8%, N326S: 74.1%, N75E: 77.8%, A220S: 77.8%, Q271E: 81.5%, R371I: 70.4%}; Fedis: {K76T: 97.8%, M74I: 97.8%, N326S: 95.6%, N75E: 97.8%, A220S: 97.8%, Q271E: 95.6%, R371I: 95.6%}; Fentale: {K76T: 92.7%, M74I: 87.8%, N326S: 85.4%, N75E: 87.8%, A220S: 90.2%, Q271E: 90.2%, R371I: 90.2%}"
High,Pfcrt_N75E,Pfk13_P441L,4,167,4,1,No,185,"Amibara, Batu/Zeway, Dera, Fedis, Fentale",Amibara: 93.75%; Batu/Zeway: 95.00%; Dera: 85.19%; Fedis: 97.78%; Fentale: 95.12%,"Amibara: {K76T: 93.8%, M74I: 90.6%, N326S: 93.8%, N75E: 90.6%, A220S: 93.8%, Q271E: 93.8%, R371I: 90.6%}; Batu/Zeway: {K76T: 92.5%, M74I: 90.0%, N326S: 90.0%, N75E: 92.5%, A220S: 95.0%, Q271E: 95.0%, R371I: 92.5%}; Dera: {K76T: 77.8%, M74I: 77.8%, N326S: 74.1%, N75E: 77.8%, A220S: 77.8%, Q271E: 81.5%, R371I: 70.4%}; Fedis: {K76T: 97.8%, M74I: 97.8%, N326S: 95.6%, N75E: 97.8%, A220S: 97.8%, Q271E: 95.6%, R371I: 95.6%}; Fentale: {K76T: 92.7%, M74I: 87.8%, N326S: 85.4%, N75E: 87.8%, A220S: 90.2%, Q271E: 90.2%, R371I: 90.2%}"
High,Pfcrt_A220S,Pfk13_P441L,4,170,4,1,No,185,"Amibara, Batu/Zeway, Dera, Fedis, Fentale",Amibara: 93.75%; Batu/Zeway: 95.00%; Dera: 85.19%; Fedis: 97.78%; Fentale: 95.12%,"Amibara: {K76T: 93.8%, M74I: 90.6%, N326S: 93.8%, N75E: 90.6%, A220S: 93.8%, Q271E: 93.8%, R371I: 90.6%}; Batu/Zeway: {K76T: 92.5%, M74I: 90.0%, N326S: 90.0%, N75E: 92.5%, A220S: 95.0%, Q271E: 95.0%, R371I: 92.5%}; Dera: {K76T: 77.8%, M74I: 77.8%, N326S: 74.1%, N75E: 77.8%, A220S: 77.8%, Q271E: 81.5%, R371I: 70.4%}; Fedis: {K76T: 97.8%, M74I: 97.8%, N326S: 95.6%, N75E: 97.8%, A220S: 97.8%, Q271E: 95.6%, R371I: 95.6%}; Fentale: {K76T: 92.7%, M74I: 87.8%, N326S: 85.4%, N75E: 87.8%, A220S: 90.2%, Q271E: 90.2%, R371I: 90.2%}"
High,Pfcrt_Q271E,Pfk13_R622I,3,170,3,1,No,185,"Amibara, Batu/Zeway, Dera, Fedis, Fentale",Amibara: 93.75%; Batu/Zeway: 95.00%; Dera: 85.19%; Fedis: 97.78%; Fentale: 95.12%,"Amibara: {K76T: 93.8%, M74I: 90.6%, N326S: 93.8%, N75E: 90.6%, A220S: 93.8%, Q271E: 93.8%, R371I: 90.6%}; Batu/Zeway: {K76T: 92.5%, M74I: 90.0%, N326S: 90.0%, N75E: 92.5%, A220S: 95.0%, Q271E: 95.0%, R371I: 92.5%}; Dera: {K76T: 77.8%, M74I: 77.8%, N326S: 74.1%, N75E: 77.8%, A220S: 77.8%, Q271E: 81.5%, R371I: 70.4%}; Fedis: {K76T: 97.8%, M74I: 97.8%, N326S: 95.6%, N75E: 97.8%, A220S: 97.8%, Q271E: 95.6%, R371I: 95.6%}; Fentale: {K76T: 92.7%, M74I: 87.8%, N326S: 85.4%, N75E: 87.8%, A220S: 90.2%, Q271E: 90.2%, R371I: 90.2%}"
High,Pfcrt_Q271E,Pfk13_P441L,4,170,4,1,No,185,"Amibara, Batu/Zeway, Dera, Fedis, Fentale",Amibara: 93.75%; Batu/Zeway: 95.00%; Dera: 85.19%; Fedis: 97.78%; Fentale: 95.12%,"Amibara: {K76T: 93.8%, M74I: 90.6%, N326S: 93.8%, N75E: 90.6%, A220S: 93.8%, Q271E: 93.8%, R371I: 90.6%}; Batu/Zeway: {K76T: 92.5%, M74I: 90.0%, N326S: 90.0%, N75E: 92.5%, A220S: 95.0%, Q271E: 95.0%, R371I: 92.5%}; Dera: {K76T: 77.8%, M74I: 77.8%, N326S: 74.1%, N75E: 77.8%, A220S: 77.8%, Q271E: 81.5%, R371I: 70.4%}; Fedis: {K76T: 97.8%, M74I: 97.8%, N326S: 95.6%, N75E: 97.8%, A220S: 97.8%, Q271E: 95.6%, R371I: 95.6%}; Fentale: {K76T: 92.7%, M74I: 87.8%, N326S: 85.4%, N75E: 87.8%, A220S: 90.2%, Q271E: 90.2%, R371I: 90.2%}"
High,Pfcrt_R371I,Pfk13_R622I,3,165,3,1,No,185,"Amibara, Batu/Zeway, Dera, Fedis, Fentale",Amibara: 93.75%; Batu/Zeway: 95.00%; Dera: 85.19%; Fedis: 97.78%; Fentale: 95.12%,"Amibara: {K76T: 93.8%, M74I: 90.6%, N326S: 93.8%, N75E: 90.6%, A220S: 93.8%, Q271E: 93.8%, R371I: 90.6%}; Batu/Zeway: {K76T: 92.5%, M74I: 90.0%, N326S: 90.0%, N75E: 92.5%, A220S: 95.0%, Q271E: 95.0%, R371I: 92.5%}; Dera: {K76T: 77.8%, M74I: 77.8%, N326S: 74.1%, N75E: 77.8%, A220S: 77.8%, Q271E: 81.5%, R371I: 70.4%}; Fedis: {K76T: 97.8%, M74I: 97.8%, N326S: 95.6%, N75E: 97.8%, A220S: 97.8%, Q271E: 95.6%, R371I: 95.6%}; Fentale: {K76T: 92.7%, M74I: 87.8%, N326S: 85.4%, N75E: 87.8%, A220S: 90.2%, Q271E: 90.2%, R371I: 90.2%}"
High,Pfcrt_R371I,Pfk13_P441L,4,165,4,1,No,185,"Amibara, Batu/Zeway, Dera, Fedis, Fentale",Amibara: 93.75%; Batu/Zeway: 95.00%; Dera: 85.19%; Fedis: 97.78%; Fentale: 95.12%,"Amibara: {K76T: 93.8%, M74I: 90.6%, N326S: 93.8%, N75E: 90.6%, A220S: 93.8%, Q271E: 93.8%, R371I: 90.6%}; Batu/Zeway: {K76T: 92.5%, M74I: 90.0%, N326S: 90.0%, N75E: 92.5%, A220S: 95.0%, Q271E: 95.0%, R371I: 92.5%}; Dera: {K76T: 77.8%, M74I: 77.8%, N326S: 74.1%, N75E: 77.8%, A220S: 77.8%, Q271E: 81.5%, R371I: 70.4%}; Fedis: {K76T: 97.8%, M74I: 97.8%, N326S: 95.6%, N75E: 97.8%, A220S: 97.8%, Q271E: 95.6%, R371I: 95.6%}; Fentale: {K76T: 92.7%, M74I: 87.8%, N326S: 85.4%, N75E: 87.8%, A220S: 90.2%, Q271E: 90.2%, R371I: 90.2%}"
High,Pfmdr1_Y184F,Pfk13_R622I,2,162,3,0.660168365,No,185,"Amibara, Batu/Zeway, Dera, Fedis, Fentale",Amibara: 93.75%; Batu/Zeway: 95.00%; Dera: 85.19%; Fedis: 97.78%; Fentale: 95.12%,"Amibara: {K76T: 93.8%, M74I: 90.6%, N326S: 93.8%, N75E: 90.6%, A220S: 93.8%, Q271E: 93.8%, R371I: 90.6%}; Batu/Zeway: {K76T: 92.5%, M74I: 90.0%, N326S: 90.0%, N75E: 92.5%, A220S: 95.0%, Q271E: 95.0%, R371I: 92.5%}; Dera: {K76T: 77.8%, M74I: 77.8%, N326S: 74.1%, N75E: 77.8%, A220S: 77.8%, Q271E: 81.5%, R371I: 70.4%}; Fedis: {K76T: 97.8%, M74I: 97.8%, N326S: 95.6%, N75E: 97.8%, A220S: 97.8%, Q271E: 95.6%, R371I: 95.6%}; Fentale: {K76T: 92.7%, M74I: 87.8%, N326S: 85.4%, N75E: 87.8%, A220S: 90.2%, Q271E: 90.2%, R371I: 90.2%}"
High,Pfmdr1_Y184F,Pfk13_P441L,4,162,4,1,No,185,"Amibara, Batu/Zeway, Dera, Fedis, Fentale",Amibara: 93.75%; Batu/Zeway: 95.00%; Dera: 85.19%; Fedis: 97.78%; Fentale: 95.12%,"Amibara: {K76T: 93.8%, M74I: 90.6%, N326S: 93.8%, N75E: 90.6%, A220S: 93.8%, Q271E: 93.8%, R371I: 90.6%}; Batu/Zeway: {K76T: 92.5%, M74I: 90.0%, N326S: 90.0%, N75E: 92.5%, A220S: 95.0%, Q271E: 95.0%, R371I: 92.5%}; Dera: {K76T: 77.8%, M74I: 77.8%, N326S: 74.1%, N75E: 77.8%, A220S: 77.8%, Q271E: 81.5%, R371I: 70.4%}; Fedis: {K76T: 97.8%, M74I: 97.8%, N326S: 95.6%, N75E: 97.8%, A220S: 97.8%, Q271E: 95.6%, R371I: 95.6%}; Fentale: {K76T: 92.7%, M74I: 87.8%, N326S: 85.4%, N75E: 87.8%, A220S: 90.2%, Q271E: 90.2%, R371I: 90.2%}"
High,Pfcrt_R371I,Pfmdr1_Y184F,146,165,162,1,No,185,"Amibara, Batu/Zeway, Dera, Fedis, Fentale",Amibara: 93.75%; Batu/Zeway: 95.00%; Dera: 85.19%; Fedis: 97.78%; Fentale: 95.12%,"Amibara: {K76T: 93.8%, M74I: 90.6%, N326S: 93.8%, N75E: 90.6%, A220S: 93.8%, Q271E: 93.8%, R371I: 90.6%}; Batu/Zeway: {K76T: 92.5%, M74I: 90.0%, N326S: 90.0%, N75E: 92.5%, A220S: 95.0%, Q271E: 95.0%, R371I: 92.5%}; Dera: {K76T: 77.8%, M74I: 77.8%, N326S: 74.1%, N75E: 77.8%, A220S: 77.8%, Q271E: 81.5%, R371I: 70.4%}; Fedis: {K76T: 97.8%, M74I: 97.8%, N326S: 95.6%, N75E: 97.8%, A220S: 97.8%, Q271E: 95.6%, R371I: 95.6%}; Fentale: {K76T: 92.7%, M74I: 87.8%, N326S: 85.4%, N75E: 87.8%, A220S: 90.2%, Q271E: 90.2%, R371I: 90.2%}"
High,Pfcrt_N326S,Pfmdr1_Y184F,145,164,162,1,No,185,"Amibara, Batu/Zeway, Dera, Fedis, Fentale",Amibara: 93.75%; Batu/Zeway: 95.00%; Dera: 85.19%; Fedis: 97.78%; Fentale: 95.12%,"Amibara: {K76T: 93.8%, M74I: 90.6%, N326S: 93.8%, N75E: 90.6%, A220S: 93.8%, Q271E: 93.8%, R371I: 90.6%}; Batu/Zeway: {K76T: 92.5%, M74I: 90.0%, N326S: 90.0%, N75E: 92.5%, A220S: 95.0%, Q271E: 95.0%, R371I: 92.5%}; Dera: {K76T: 77.8%, M74I: 77.8%, N326S: 74.1%, N75E: 77.8%, A220S: 77.8%, Q271E: 81.5%, R371I: 70.4%}; Fedis: {K76T: 97.8%, M74I: 97.8%, N326S: 95.6%, N75E: 97.8%, A220S: 97.8%, Q271E: 95.6%, R371I: 95.6%}; Fentale: {K76T: 92.7%, M74I: 87.8%, N326S: 85.4%, N75E: 87.8%, A220S: 90.2%, Q271E: 90.2%, R371I: 90.2%}"
High,Pfcrt_A220S,Pfmdr1_Y184F,150,170,162,1,No,185,"Amibara, Batu/Zeway, Dera, Fedis, Fentale",Amibara: 93.75%; Batu/Zeway: 95.00%; Dera: 85.19%; Fedis: 97.78%; Fentale: 95.12%,"Amibara: {K76T: 93.8%, M74I: 90.6%, N326S: 93.8%, N75E: 90.6%, A220S: 93.8%, Q271E: 93.8%, R371I: 90.6%}; Batu/Zeway: {K76T: 92.5%, M74I: 90.0%, N326S: 90.0%, N75E: 92.5%, A220S: 95.0%, Q271E: 95.0%, R371I: 92.5%}; Dera: {K76T: 77.8%, M74I: 77.8%, N326S: 74.1%, N75E: 77.8%, A220S: 77.8%, Q271E: 81.5%, R371I: 70.4%}; Fedis: {K76T: 97.8%, M74I: 97.8%, N326S: 95.6%, N75E: 97.8%, A220S: 97.8%, Q271E: 95.6%, R371I: 95.6%}; Fentale: {K76T: 92.7%, M74I: 87.8%, N326S: 85.4%, N75E: 87.8%, A220S: 90.2%, Q271E: 90.2%, R371I: 90.2%}"
High,Pfcrt_N75E,Pfmdr1_Y184F,147,167,162,1,No,185,"Amibara, Batu/Zeway, Dera, Fedis, Fentale",Amibara: 93.75%; Batu/Zeway: 95.00%; Dera: 85.19%; Fedis: 97.78%; Fentale: 95.12%,"Amibara: {K76T: 93.8%, M74I: 90.6%, N326S: 93.8%, N75E: 90.6%, A220S: 93.8%, Q271E: 93.8%, R371I: 90.6%}; Batu/Zeway: {K76T: 92.5%, M74I: 90.0%, N326S: 90.0%, N75E: 92.5%, A220S: 95.0%, Q271E: 95.0%, R371I: 92.5%}; Dera: {K76T: 77.8%, M74I: 77.8%, N326S: 74.1%, N75E: 77.8%, A220S: 77.8%, Q271E: 81.5%, R371I: 70.4%}; Fedis: {K76T: 97.8%, M74I: 97.8%, N326S: 95.6%, N75E: 97.8%, A220S: 97.8%, Q271E: 95.6%, R371I: 95.6%}; Fentale: {K76T: 92.7%, M74I: 87.8%, N326S: 85.4%, N75E: 87.8%, A220S: 90.2%, Q271E: 90.2%, R371I: 90.2%}"
High,Pfcrt_K76T,Pfmdr1_Y184F,148,170,162,1,No,185,"Amibara, Batu/Zeway, Dera, Fedis, Fentale",Amibara: 93.75%; Batu/Zeway: 95.00%; Dera: 85.19%; Fedis: 97.78%; Fentale: 95.12%,"Amibara: {K76T: 93.8%, M74I: 90.6%, N326S: 93.8%, N75E: 90.6%, A220S: 93.8%, Q271E: 93.8%, R371I: 90.6%}; Batu/Zeway: {K76T: 92.5%, M74I: 90.0%, N326S: 90.0%, N75E: 92.5%, A220S: 95.0%, Q271E: 95.0%, R371I: 92.5%}; Dera: {K76T: 77.8%, M74I: 77.8%, N326S: 74.1%, N75E: 77.8%, A220S: 77.8%, Q271E: 81.5%, R371I: 70.4%}; Fedis: {K76T: 97.8%, M74I: 97.8%, N326S: 95.6%, N75E: 97.8%, A220S: 97.8%, Q271E: 95.6%, R371I: 95.6%}; Fentale: {K76T: 92.7%, M74I: 87.8%, N326S: 85.4%, N75E: 87.8%, A220S: 90.2%, Q271E: 90.2%, R371I: 90.2%}"
High,Pfcrt_Q271E,Pfmdr1_Y184F,148,170,162,1,No,185,"Amibara, Batu/Zeway, Dera, Fedis, Fentale",Amibara: 93.75%; Batu/Zeway: 95.00%; Dera: 85.19%; Fedis: 97.78%; Fentale: 95.12%,"Amibara: {K76T: 93.8%, M74I: 90.6%, N326S: 93.8%, N75E: 90.6%, A220S: 93.8%, Q271E: 93.8%, R371I: 90.6%}; Batu/Zeway: {K76T: 92.5%, M74I: 90.0%, N326S: 90.0%, N75E: 92.5%, A220S: 95.0%, Q271E: 95.0%, R371I: 92.5%}; Dera: {K76T: 77.8%, M74I: 77.8%, N326S: 74.1%, N75E: 77.8%, A220S: 77.8%, Q271E: 81.5%, R371I: 70.4%}; Fedis: {K76T: 97.8%, M74I: 97.8%, N326S: 95.6%, N75E: 97.8%, A220S: 97.8%, Q271E: 95.6%, R371I: 95.6%}; Fentale: {K76T: 92.7%, M74I: 87.8%, N326S: 85.4%, N75E: 87.8%, A220S: 90.2%, Q271E: 90.2%, R371I: 90.2%}"
High,Pfcrt_M74I,Pfmdr1_Y184F,146,166,162,1,No,185,"Amibara, Batu/Zeway, Dera, Fedis, Fentale",Amibara: 93.75%; Batu/Zeway: 95.00%; Dera: 85.19%; Fedis: 97.78%; Fentale: 95.12%,"Amibara: {K76T: 93.8%, M74I: 90.6%, N326S: 93.8%, N75E: 90.6%, A220S: 93.8%, Q271E: 93.8%, R371I: 90.6%}; Batu/Zeway: {K76T: 92.5%, M74I: 90.0%, N326S: 90.0%, N75E: 92.5%, A220S: 95.0%, Q271E: 95.0%, R371I: 92.5%}; Dera: {K76T: 77.8%, M74I: 77.8%, N326S: 74.1%, N75E: 77.8%, A220S: 77.8%, Q271E: 81.5%, R371I: 70.4%}; Fedis: {K76T: 97.8%, M74I: 97.8%, N326S: 95.6%, N75E: 97.8%, A220S: 97.8%, Q271E: 95.6%, R371I: 95.6%}; Fentale: {K76T: 92.7%, M74I: 87.8%, N326S: 85.4%, N75E: 87.8%, A220S: 90.2%, Q271E: 90.2%, R371I: 90.2%}"
High,Pfcrt_M74I,Pfmdr1_N86Y,6,166,6,1,No,185,"Amibara, Batu/Zeway, Dera, Fedis, Fentale",Amibara: 93.75%; Batu/Zeway: 95.00%; Dera: 85.19%; Fedis: 97.78%; Fentale: 95.12%,"Amibara: {K76T: 93.8%, M74I: 90.6%, N326S: 93.8%, N75E: 90.6%, A220S: 93.8%, Q271E: 93.8%, R371I: 90.6%}; Batu/Zeway: {K76T: 92.5%, M74I: 90.0%, N326S: 90.0%, N75E: 92.5%, A220S: 95.0%, Q271E: 95.0%, R371I: 92.5%}; Dera: {K76T: 77.8%, M74I: 77.8%, N326S: 74.1%, N75E: 77.8%, A220S: 77.8%, Q271E: 81.5%, R371I: 70.4%}; Fedis: {K76T: 97.8%, M74I: 97.8%, N326S: 95.6%, N75E: 97.8%, A220S: 97.8%, Q271E: 95.6%, R371I: 95.6%}; Fentale: {K76T: 92.7%, M74I: 87.8%, N326S: 85.4%, N75E: 87.8%, A220S: 90.2%, Q271E: 90.2%, R371I: 90.2%}"
High,Pfcrt_N75E,Pfmdr1_N86Y,6,167,6,1,No,185,"Amibara, Batu/Zeway, Dera, Fedis, Fentale",Amibara: 93.75%; Batu/Zeway: 95.00%; Dera: 85.19%; Fedis: 97.78%; Fentale: 95.12%,"Amibara: {K76T: 93.8%, M74I: 90.6%, N326S: 93.8%, N75E: 90.6%, A220S: 93.8%, Q271E: 93.8%, R371I: 90.6%}; Batu/Zeway: {K76T: 92.5%, M74I: 90.0%, N326S: 90.0%, N75E: 92.5%, A220S: 95.0%, Q271E: 95.0%, R371I: 92.5%}; Dera: {K76T: 77.8%, M74I: 77.8%, N326S: 74.1%, N75E: 77.8%, A220S: 77.8%, Q271E: 81.5%, R371I: 70.4%}; Fedis: {K76T: 97.8%, M74I: 97.8%, N326S: 95.6%, N75E: 97.8%, A220S: 97.8%, Q271E: 95.6%, R371I: 95.6%}; Fentale: {K76T: 92.7%, M74I: 87.8%, N326S: 85.4%, N75E: 87.8%, A220S: 90.2%, Q271E: 90.2%, R371I: 90.2%}"
High,Pfcrt_N326S,Pfmdr1_N86Y,6,164,6,1,No,185,"Amibara, Batu/Zeway, Dera, Fedis, Fentale",Amibara: 93.75%; Batu/Zeway: 95.00%; Dera: 85.19%; Fedis: 97.78%; Fentale: 95.12%,"Amibara: {K76T: 93.8%, M74I: 90.6%, N326S: 93.8%, N75E: 90.6%, A220S: 93.8%, Q271E: 93.8%, R371I: 90.6%}; Batu/Zeway: {K76T: 92.5%, M74I: 90.0%, N326S: 90.0%, N75E: 92.5%, A220S: 95.0%, Q271E: 95.0%, R371I: 92.5%}; Dera: {K76T: 77.8%, M74I: 77.8%, N326S: 74.1%, N75E: 77.8%, A220S: 77.8%, Q271E: 81.5%, R371I: 70.4%}; Fedis: {K76T: 97.8%, M74I: 97.8%, N326S: 95.6%, N75E: 97.8%, A220S: 97.8%, Q271E: 95.6%, R371I: 95.6%}; Fentale: {K76T: 92.7%, M74I: 87.8%, N326S: 85.4%, N75E: 87.8%, A220S: 90.2%, Q271E: 90.2%, R371I: 90.2%}"
High,Pfcrt_K76T,Pfmdr1_N86Y,6,170,6,1,No,185,"Amibara, Batu/Zeway, Dera, Fedis, Fentale",Amibara: 93.75%; Batu/Zeway: 95.00%; Dera: 85.19%; Fedis: 97.78%; Fentale: 95.12%,"Amibara: {K76T: 93.8%, M74I: 90.6%, N326S: 93.8%, N75E: 90.6%, A220S: 93.8%, Q271E: 93.8%, R371I: 90.6%}; Batu/Zeway: {K76T: 92.5%, M74I: 90.0%, N326S: 90.0%, N75E: 92.5%, A220S: 95.0%, Q271E: 95.0%, R371I: 92.5%}; Dera: {K76T: 77.8%, M74I: 77.8%, N326S: 74.1%, N75E: 77.8%, A220S: 77.8%, Q271E: 81.5%, R371I: 70.4%}; Fedis: {K76T: 97.8%, M74I: 97.8%, N326S: 95.6%, N75E: 97.8%, A220S: 97.8%, Q271E: 95.6%, R371I: 95.6%}; Fentale: {K76T: 92.7%, M74I: 87.8%, N326S: 85.4%, N75E: 87.8%, A220S: 90.2%, Q271E: 90.2%, R371I: 90.2%}"
High,Pfcrt_A220S,Pfmdr1_N86Y,6,170,6,1,No,185,"Amibara, Batu/Zeway, Dera, Fedis, Fentale",Amibara: 93.75%; Batu/Zeway: 95.00%; Dera: 85.19%; Fedis: 97.78%; Fentale: 95.12%,"Amibara: {K76T: 93.8%, M74I: 90.6%, N326S: 93.8%, N75E: 90.6%, A220S: 93.8%, Q271E: 93.8%, R371I: 90.6%}; Batu/Zeway: {K76T: 92.5%, M74I: 90.0%, N326S: 90.0%, N75E: 92.5%, A220S: 95.0%, Q271E: 95.0%, R371I: 92.5%}; Dera: {K76T: 77.8%, M74I: 77.8%, N326S: 74.1%, N75E: 77.8%, A220S: 77.8%, Q271E: 81.5%, R371I: 70.4%}; Fedis: {K76T: 97.8%, M74I: 97.8%, N326S: 95.6%, N75E: 97.8%, A220S: 97.8%, Q271E: 95.6%, R371I: 95.6%}; Fentale: {K76T: 92.7%, M74I: 87.8%, N326S: 85.4%, N75E: 87.8%, A220S: 90.2%, Q271E: 90.2%, R371I: 90.2%}"
High,Pfcrt_Q271E,Pfmdr1_N86Y,6,170,6,1,No,185,"Amibara, Batu/Zeway, Dera, Fedis, Fentale",Amibara: 93.75%; Batu/Zeway: 95.00%; Dera: 85.19%; Fedis: 97.78%; Fentale: 95.12%,"Amibara: {K76T: 93.8%, M74I: 90.6%, N326S: 93.8%, N75E: 90.6%, A220S: 93.8%, Q271E: 93.8%, R371I: 90.6%}; Batu/Zeway: {K76T: 92.5%, M74I: 90.0%, N326S: 90.0%, N75E: 92.5%, A220S: 95.0%, Q271E: 95.0%, R371I: 92.5%}; Dera: {K76T: 77.8%, M74I: 77.8%, N326S: 74.1%, N75E: 77.8%, A220S: 77.8%, Q271E: 81.5%, R371I: 70.4%}; Fedis: {K76T: 97.8%, M74I: 97.8%, N326S: 95.6%, N75E: 97.8%, A220S: 97.8%, Q271E: 95.6%, R371I: 95.6%}; Fentale: {K76T: 92.7%, M74I: 87.8%, N326S: 85.4%, N75E: 87.8%, A220S: 90.2%, Q271E: 90.2%, R371I: 90.2%}"
High,Pfcrt_R371I,Pfmdr1_N86Y,6,165,6,1,No,185,"Amibara, Batu/Zeway, Dera, Fedis, Fentale",Amibara: 93.75%; Batu/Zeway: 95.00%; Dera: 85.19%; Fedis: 97.78%; Fentale: 95.12%,"Amibara: {K76T: 93.8%, M74I: 90.6%, N326S: 93.8%, N75E: 90.6%, A220S: 93.8%, Q271E: 93.8%, R371I: 90.6%}; Batu/Zeway: {K76T: 92.5%, M74I: 90.0%, N326S: 90.0%, N75E: 92.5%, A220S: 95.0%, Q271E: 95.0%, R371I: 92.5%}; Dera: {K76T: 77.8%, M74I: 77.8%, N326S: 74.1%, N75E: 77.8%, A220S: 77.8%, Q271E: 81.5%, R371I: 70.4%}; Fedis: {K76T: 97.8%, M74I: 97.8%, N326S: 95.6%, N75E: 97.8%, A220S: 97.8%, Q271E: 95.6%, R371I: 95.6%}; Fentale: {K76T: 92.7%, M74I: 87.8%, N326S: 85.4%, N75E: 87.8%, A220S: 90.2%, Q271E: 90.2%, R371I: 90.2%}"
